date,darshans,weekend,summer,temp_max,temp_min,humidity,rainfall,google_trend_score,is_public_holiday,is_festival,is_brahmostavam,rolling_avg_7,lag_1,month_sin,month_cos
2022-03-02,46172,0,0,33.5,18.1,49,0.0,6,0,0,0,55715.57142857143,53163.0,1.0,6.123233995736766e-17
2022-03-03,50511,0,0,31.8,18.7,59,0.0,5,0,0,0,56995.0,46172.0,1.0,6.123233995736766e-17
2022-03-04,56686,0,0,32.8,19.5,66,0.0,5,0,0,0,56533.71428571428,50511.0,1.0,6.123233995736766e-17
2022-03-05,67750,1,0,32.7,20.5,67,0.0,5,0,0,0,56551.857142857145,56686.0,1.0,6.123233995736766e-17
2022-03-06,61052,1,0,31.7,20.6,65,0.1,6,0,0,0,56844.142857142855,67750.0,1.0,6.123233995736766e-17
2022-03-07,57904,0,0,32.6,22.7,54,0.0,6,0,0,0,55838.0,61052.0,1.0,6.123233995736766e-17
2022-03-08,58561,0,0,34.9,20.7,64,0.0,5,0,0,0,56176.857142857145,57904.0,1.0,6.123233995736766e-17
2022-03-09,59086,0,0,35.3,20.4,55,0.0,5,0,0,0,56948.0,58561.0,1.0,6.123233995736766e-17
2022-03-10,61620,0,0,34.8,19.8,54,0.0,5,0,0,0,58792.857142857145,59086.0,1.0,6.123233995736766e-17
2022-03-11,65192,0,0,34.8,19.3,53,0.0,5,0,0,0,60379.857142857145,61620.0,1.0,6.123233995736766e-17
2022-03-12,75775,1,0,34.9,19.1,44,0.0,6,0,0,0,61595.0,65192.0,1.0,6.123233995736766e-17
2022-03-13,74167,1,0,35.4,20.5,42,0.0,6,0,0,0,62741.42857142857,75775.0,1.0,6.123233995736766e-17
2022-03-14,65155,0,0,36.1,21.0,46,0.0,5,0,0,0,64615.0,74167.0,1.0,6.123233995736766e-17
2022-03-15,61982,0,0,36.7,21.2,47,0.0,5,0,0,0,65650.85714285714,65155.0,1.0,6.123233995736766e-17
2022-03-16,64368,0,0,37.5,20.5,40,0.0,5,0,0,0,66139.57142857143,61982.0,1.0,6.123233995736766e-17
2022-03-17,66577,0,0,38.6,21.1,44,0.0,6,0,0,0,66894.14285714286,64368.0,1.0,6.123233995736766e-17
2022-03-18,66763,0,0,38.7,21.6,46,0.0,7,1,0,0,67602.28571428571,66577.0,1.0,6.123233995736766e-17
2022-03-19,80429,1,0,37.2,23.4,61,0.0,9,0,0,0,67826.71428571429,66763.0,1.0,6.123233995736766e-17
2022-03-20,72265,1,0,37.1,25.5,58,4.6,13,0,0,0,68491.57142857143,80429.0,1.0,6.123233995736766e-17
2022-03-21,70408,0,0,38.7,24.8,56,0.1,16,0,0,0,68219.85714285714,72265.0,1.0,6.123233995736766e-17
2022-03-22,69711,0,0,36.8,25.1,57,0.0,11,0,0,0,68970.28571428571,70408.0,1.0,6.123233995736766e-17
2022-03-23,64986,0,0,37.8,25.4,64,0.0,9,0,0,0,70074.42857142857,69711.0,1.0,6.123233995736766e-17
2022-03-24,63042,0,0,36.8,25.2,62,0.2,8,0,0,0,70162.71428571429,64986.0,1.0,6.123233995736766e-17
2022-03-25,65418,0,0,37.2,25.1,63,0.0,7,0,0,0,69657.71428571429,63042.0,1.0,6.123233995736766e-17
2022-03-26,69897,1,0,36.8,25.5,62,0.0,7,0,0,0,69465.57142857143,65418.0,1.0,6.123233995736766e-17
2022-03-27,71167,1,0,37.9,25.1,58,0.0,5,0,0,0,67961.0,69897.0,1.0,6.123233995736766e-17
2022-03-28,62956,0,0,38.5,25.1,55,0.0,5,0,0,0,67804.14285714286,71167.0,1.0,6.123233995736766e-17
2022-03-29,54396,0,0,38.7,25.4,56,0.0,5,0,0,0,66739.57142857143,62956.0,1.0,6.123233995736766e-17
2022-03-30,61224,0,0,38.8,25.7,57,0.0,6,0,0,0,64551.71428571428,54396.0,1.0,6.123233995736766e-17
2022-03-31,54273,0,0,38.9,25.3,55,0.0,5,0,0,0,64014.28571428572,61224.0,1.0,6.123233995736766e-17
2022-04-01,56958,0,0,37.7,25.3,58,0.0,5,0,0,0,62761.57142857143,54273.0,0.8660254037844387,-0.49999999999999983
2022-04-02,62925,1,0,37.5,25.3,58,0.3,6,0,1,0,61553.0,56958.0,0.8660254037844387,-0.49999999999999983
2022-04-03,71034,1,0,36.9,24.5,60,0.0,6,0,0,0,60557.0,62925.0,0.8660254037844387,-0.49999999999999983
2022-04-04,66112,0,0,36.8,25.0,62,0.0,6,0,0,0,60538.0,71034.0,0.8660254037844387,-0.49999999999999983
2022-04-05,66381,0,0,36.5,25.0,62,0.0,5,0,0,0,60988.857142857145,66112.0,0.8660254037844387,-0.49999999999999983
2022-04-06,68009,0,0,37.6,23.8,61,0.0,5,0,0,0,62701.0,66381.0,0.8660254037844387,-0.49999999999999983
2022-04-07,65840,0,0,37.5,24.7,61,0.0,6,0,0,0,63670.28571428572,68009.0,0.8660254037844387,-0.49999999999999983
2022-04-08,60790,0,0,36.9,24.8,64,0.0,6,0,0,0,65322.71428571428,65840.0,0.8660254037844387,-0.49999999999999983
2022-04-09,70727,1,0,37.2,26.1,64,0.0,5,0,0,0,65870.14285714286,60790.0,0.8660254037844387,-0.49999999999999983
2022-04-10,66593,1,0,36.8,25.2,67,0.0,6,0,1,0,66984.71428571429,70727.0,0.8660254037844387,-0.49999999999999983
2022-04-11,63223,0,0,36.2,25.0,67,0.2,6,0,0,0,66350.28571428571,66593.0,0.8660254037844387,-0.49999999999999983
2022-04-12,72567,0,0,37.1,24.4,67,0.0,6,0,0,0,65937.57142857143,63223.0,0.8660254037844387,-0.49999999999999983
2022-04-13,88748,0,0,34.8,26.1,71,1.7,6,0,0,0,66821.28571428571,72567.0,0.8660254037844387,-0.49999999999999983
2022-04-14,82722,0,0,36.5,25.9,64,0.1,6,1,1,0,69784.0,88748.0,0.8660254037844387,-0.49999999999999983
2022-04-15,75110,0,0,38.1,26.6,56,0.0,5,1,0,0,72195.71428571429,82722.0,0.8660254037844387,-0.49999999999999983
2022-04-16,76746,1,0,38.8,26.9,57,0.0,5,0,0,0,74241.42857142857,75110.0,0.8660254037844387,-0.49999999999999983
2022-04-17,68299,1,0,37.6,27.2,58,0.0,5,0,0,0,75101.28571428571,76746.0,0.8660254037844387,-0.49999999999999983
2022-04-18,64157,0,0,36.7,25.5,65,0.3,5,0,0,0,75345.0,68299.0,0.8660254037844387,-0.49999999999999983
2022-04-19,67858,0,0,38.0,25.4,63,0.8,4,0,0,0,75478.42857142857,64157.0,0.8660254037844387,-0.49999999999999983
2022-04-20,66745,0,0,39.0,25.7,63,0.0,4,0,0,0,74805.71428571429,67858.0,0.8660254037844387,-0.49999999999999983
2022-04-21,61278,0,0,38.5,26.0,62,0.0,5,0,0,0,71662.42857142857,66745.0,0.8660254037844387,-0.49999999999999983
2022-04-22,63084,0,0,37.6,25.3,60,0.0,5,0,0,0,68599.0,61278.0,0.8660254037844387,-0.49999999999999983
2022-04-23,75438,1,0,38.2,25.2,59,0.0,5,0,0,0,66881.0,63084.0,0.8660254037844387,-0.49999999999999983
2022-04-24,67347,1,0,40.4,25.6,55,0.0,5,0,0,0,66694.14285714286,75438.0,0.8660254037844387,-0.49999999999999983
2022-04-25,65763,0,0,39.9,25.0,53,0.0,5,0,0,0,66558.14285714286,67347.0,0.8660254037844387,-0.49999999999999983
2022-04-26,67681,0,0,40.2,26.0,51,0.0,5,0,0,0,66787.57142857143,65763.0,0.8660254037844387,-0.49999999999999983
2022-04-27,75078,0,0,40.1,25.9,54,0.0,5,0,0,0,66762.28571428571,67681.0,0.8660254037844387,-0.49999999999999983
2022-04-28,64380,0,0,40.1,25.6,53,0.0,6,0,0,0,67952.71428571429,75078.0,0.8660254037844387,-0.49999999999999983
2022-04-29,65725,0,0,41.6,26.3,51,0.0,5,0,0,0,68395.85714285714,64380.0,0.8660254037844387,-0.49999999999999983
2022-04-30,75010,1,0,42.1,26.5,48,0.0,4,0,0,0,68773.14285714286,65725.0,0.8660254037844387,-0.49999999999999983
2022-05-01,75010,1,1,41.4,26.7,52,0.0,5,0,0,0,68712.0,75010.0,0.49999999999999994,-0.8660254037844387
2022-05-02,65756,0,1,41.8,27.4,51,0.0,5,0,0,0,69806.71428571429,75010.0,0.49999999999999994,-0.8660254037844387
2022-05-03,67577,0,1,40.3,28.0,56,0.7,5,1,0,0,69805.71428571429,65756.0,0.49999999999999994,-0.8660254037844387
2022-05-04,69603,0,1,39.6,27.6,64,0.3,5,0,0,0,69790.85714285714,67577.0,0.49999999999999994,-0.8660254037844387
2022-05-05,59528,0,1,38.4,27.1,60,0.7,5,0,0,0,69008.71428571429,69603.0,0.49999999999999994,-0.8660254037844387
2022-05-06,63265,0,1,40.0,26.6,57,0.0,5,0,0,0,68315.57142857143,59528.0,0.49999999999999994,-0.8660254037844387
2022-05-07,76324,1,1,39.1,26.1,56,0.0,4,0,0,0,67964.14285714286,63265.0,0.49999999999999994,-0.8660254037844387
2022-05-08,75876,1,1,40.1,27.0,56,0.0,5,0,0,0,68151.85714285714,76324.0,0.49999999999999994,-0.8660254037844387
2022-05-09,69154,0,1,38.3,28.1,49,0.0,5,0,0,0,68275.57142857143,75876.0,0.49999999999999994,-0.8660254037844387
2022-05-10,61090,0,1,32.8,28.0,62,2.1,5,0,0,0,68761.0,69154.0,0.49999999999999994,-0.8660254037844387
2022-05-11,61863,0,1,31.0,25.2,67,5.2,4,0,0,0,67834.28571428571,61090.0,0.49999999999999994,-0.8660254037844387
2022-05-12,61087,0,1,29.9,23.5,82,31.3,4,0,0,0,66728.57142857143,61863.0,0.49999999999999994,-0.8660254037844387
2022-05-13,62001,0,1,32.5,25.2,75,8.1,4,0,0,0,66951.28571428571,61087.0,0.49999999999999994,-0.8660254037844387
2022-05-14,81107,1,1,34.4,25.4,79,28.9,22,0,1,0,66770.71428571429,62001.0,0.49999999999999994,-0.8660254037844387
2022-05-15,81720,1,1,33.3,25.2,82,16.5,23,0,0,0,67454.0,81107.0,0.49999999999999994,-0.8660254037844387
2022-05-16,72567,0,1,32.9,25.2,84,19.9,26,1,0,0,68288.85714285714,81720.0,0.49999999999999994,-0.8660254037844387
2022-05-17,75400,0,1,33.0,24.5,84,26.2,23,0,0,0,68776.42857142857,72567.0,0.49999999999999994,-0.8660254037844387
2022-05-18,74389,0,1,32.6,24.4,83,12.4,22,0,0,0,70820.71428571429,75400.0,0.49999999999999994,-0.8660254037844387
2022-05-19,67625,0,1,32.5,24.9,73,1.1,21,0,0,0,72610.14285714286,74389.0,0.49999999999999994,-0.8660254037844387
2022-05-20,71119,0,1,33.4,24.3,63,0.5,25,0,0,0,73544.14285714286,67625.0,0.49999999999999994,-0.8660254037844387
2022-05-21,83739,1,1,33.6,24.4,60,0.0,39,0,0,0,74846.71428571429,71119.0,0.49999999999999994,-0.8660254037844387
2022-05-22,89665,1,1,34.7,26.7,58,0.0,31,0,0,0,75222.71428571429,83739.0,0.49999999999999994,-0.8660254037844387
2022-05-23,75324,0,1,36.1,25.2,61,0.0,34,0,0,0,76357.71428571429,89665.0,0.49999999999999994,-0.8660254037844387
2022-05-24,75759,0,1,36.5,26.5,59,0.0,29,0,0,0,76751.57142857143,75324.0,0.49999999999999994,-0.8660254037844387
2022-05-25,76148,0,1,36.0,26.4,64,0.9,22,0,0,0,76802.85714285714,75759.0,0.49999999999999994,-0.8660254037844387
2022-05-26,72758,0,1,36.4,26.4,60,1.7,26,0,0,0,77054.14285714286,76148.0,0.49999999999999994,-0.8660254037844387
2022-05-27,73358,0,1,37.1,26.1,49,0.0,24,0,0,0,77787.42857142857,72758.0,0.49999999999999994,-0.8660254037844387
2022-05-28,89318,1,1,37.6,27.1,45,0.0,28,0,0,0,78107.28571428571,73358.0,0.49999999999999994,-0.8660254037844387
2022-05-29,90885,1,1,38.2,26.6,46,0.0,29,0,0,0,78904.28571428571,89318.0,0.49999999999999994,-0.8660254037844387
2022-05-30,74823,0,1,38.3,26.8,47,0.0,33,0,0,0,79078.57142857143,90885.0,0.49999999999999994,-0.8660254037844387
2022-05-31,69848,0,1,38.1,27.9,51,0.2,30,0,0,0,79007.0,74823.0,0.49999999999999994,-0.8660254037844387
2022-06-01,71914,0,1,38.9,27.9,49,0.6,25,0,0,0,78162.57142857143,69848.0,1.2246467991473532e-16,-1.0
2022-06-02,66001,0,1,39.3,28.2,51,0.4,21,0,0,0,77557.71428571429,71914.0,1.2246467991473532e-16,-1.0
2022-06-03,71196,0,1,39.8,27.7,52,0.8,24,0,0,0,76592.42857142857,66001.0,1.2246467991473532e-16,-1.0
2022-06-04,90165,1,1,40.1,28.3,52,1.6,25,0,0,0,76283.57142857143,71196.0,1.2246467991473532e-16,-1.0
2022-06-05,78188,1,1,39.4,26.7,55,1.6,29,0,0,0,76404.57142857143,90165.0,1.2246467991473532e-16,-1.0
2022-06-06,76921,0,1,37.3,27.5,59,0.0,24,0,0,0,74590.71428571429,78188.0,1.2246467991473532e-16,-1.0
2022-06-07,76425,0,1,35.8,26.1,62,3.2,19,0,0,0,74890.42857142857,76921.0,1.2246467991473532e-16,-1.0
2022-06-08,75345,0,1,38.0,26.7,56,0.4,19,0,0,0,75830.0,76425.0,1.2246467991473532e-16,-1.0
2022-06-09,70019,0,1,38.3,28.0,53,5.6,22,0,0,0,76320.14285714286,75345.0,1.2246467991473532e-16,-1.0
2022-06-10,67949,0,1,38.7,27.4,48,0.2,21,0,0,0,76894.14285714286,70019.0,1.2246467991473532e-16,-1.0
2022-06-11,87698,1,1,38.3,27.5,50,0.9,21,0,0,0,76430.28571428571,67949.0,1.2246467991473532e-16,-1.0
2022-06-12,93400,1,1,38.4,26.8,49,0.0,27,0,0,0,76077.85714285714,87698.0,1.2246467991473532e-16,-1.0
2022-06-13,78602,0,1,37.9,26.6,54,0.8,22,0,1,0,78251.0,93400.0,1.2246467991473532e-16,-1.0
2022-06-14,79103,0,1,37.2,26.2,57,0.7,21,0,0,0,78491.14285714286,78602.0,1.2246467991473532e-16,-1.0
2022-06-15,77326,0,1,35.6,25.5,64,4.5,26,0,0,0,78873.71428571429,79103.0,1.2246467991473532e-16,-1.0
2022-06-16,73371,0,1,33.7,24.7,74,9.7,23,0,0,0,79156.71428571429,77326.0,1.2246467991473532e-16,-1.0
2022-06-17,76407,0,1,33.0,24.5,76,0.8,19,0,0,0,79635.57142857143,73371.0,1.2246467991473532e-16,-1.0
2022-06-18,84982,1,1,32.9,25.3,75,0.6,22,0,0,0,80843.85714285714,76407.0,1.2246467991473532e-16,-1.0
2022-06-19,90471,1,1,32.9,25.5,75,1.8,24,0,0,0,80455.85714285714,84982.0,1.2246467991473532e-16,-1.0
2022-06-20,76597,0,1,34.4,25.1,72,0.2,23,0,0,0,80037.42857142857,90471.0,1.2246467991473532e-16,-1.0
2022-06-21,74906,0,1,33.5,25.3,71,1.2,24,0,0,0,79751.0,76597.0,1.2246467991473532e-16,-1.0
2022-06-22,75472,0,1,33.8,25.3,69,11.3,23,0,0,0,79151.42857142857,74906.0,1.2246467991473532e-16,-1.0
2022-06-23,68873,0,1,32.1,25.3,74,3.9,26,0,0,0,78886.57142857143,75472.0,1.2246467991473532e-16,-1.0
2022-06-24,71589,0,1,33.9,25.3,72,6.0,26,0,0,0,78244.0,68873.0,1.2246467991473532e-16,-1.0
2022-06-25,94411,1,1,34.9,26.2,62,0.4,28,0,0,0,77555.71428571429,71589.0,1.2246467991473532e-16,-1.0
2022-06-26,88613,1,1,35.5,25.5,62,0.4,26,0,0,0,78902.71428571429,94411.0,1.2246467991473532e-16,-1.0
2022-06-27,74288,0,1,34.4,26.1,56,0.0,29,0,0,0,78637.28571428571,88613.0,1.2246467991473532e-16,-1.0
2022-06-28,77154,0,1,34.0,25.0,60,0.0,30,0,0,0,78307.42857142857,74288.0,1.2246467991473532e-16,-1.0
2022-06-29,70134,0,1,35.6,25.7,62,2.2,23,0,0,0,78628.57142857143,77154.0,1.2246467991473532e-16,-1.0
2022-06-30,65898,0,1,36.0,26.7,60,1.2,24,0,0,0,77866.0,70134.0,1.2246467991473532e-16,-1.0
2022-07-01,64628,0,1,35.7,25.6,63,4.6,27,0,0,0,77441.0,65898.0,-0.4999999999999998,-0.8660254037844388
2022-07-02,88026,1,1,35.5,25.9,65,0.9,25,0,0,0,76446.57142857143,64628.0,-0.4999999999999998,-0.8660254037844388
2022-07-03,88682,1,1,35.2,26.2,64,0.1,26,0,0,0,75534.42857142857,88026.0,-0.4999999999999998,-0.8660254037844388
2022-07-04,77907,0,1,32.9,26.8,61,1.2,26,0,0,0,75544.28571428571,88682.0,-0.4999999999999998,-0.8660254037844388
2022-07-05,73439,0,1,32.4,25.2,74,2.2,27,0,0,0,76061.28571428571,77907.0,-0.4999999999999998,-0.8660254037844388
2022-07-06,76418,0,1,29.9,25.2,78,5.5,31,0,0,0,75530.57142857143,73439.0,-0.4999999999999998,-0.8660254037844388
2022-07-07,75407,0,1,32.0,24.5,77,10.1,32,0,0,0,76428.28571428571,76418.0,-0.4999999999999998,-0.8660254037844388
2022-07-08,73016,0,1,31.4,24.5,72,3.0,30,0,0,0,77786.71428571429,75407.0,-0.4999999999999998,-0.8660254037844388
2022-07-09,87478,1,1,32.6,24.6,70,1.1,25,0,0,0,78985.0,73016.0,-0.4999999999999998,-0.8660254037844388
2022-07-10,89013,1,1,32.1,25.7,68,0.5,24,1,0,0,78906.71428571429,87478.0,-0.4999999999999998,-0.8660254037844388
2022-07-11,62141,0,1,31.7,26.1,64,0.0,26,0,0,0,78954.0,89013.0,-0.4999999999999998,-0.8660254037844388
2022-07-12,74212,0,1,34.3,25.2,60,1.0,21,0,0,0,76701.71428571429,62141.0,-0.4999999999999998,-0.8660254037844388
2022-07-13,71289,0,1,34.0,26.7,57,0.0,23,0,0,0,76812.14285714286,74212.0,-0.4999999999999998,-0.8660254037844388
2022-07-14,74304,0,1,35.0,26.2,55,0.3,20,0,0,0,76079.42857142857,71289.0,-0.4999999999999998,-0.8660254037844388
2022-07-15,72195,0,1,36.3,26.7,52,0.2,23,0,0,0,75921.85714285714,74304.0,-0.4999999999999998,-0.8660254037844388
2022-07-16,84885,1,1,35.3,26.2,64,6.9,23,0,0,0,75804.57142857143,72195.0,-0.4999999999999998,-0.8660254037844388
2022-07-17,73387,1,1,35.1,26.4,61,0.4,22,0,0,0,75434.14285714286,84885.0,-0.4999999999999998,-0.8660254037844388
2022-07-18,77273,0,1,33.1,25.2,76,5.3,25,0,0,0,73201.85714285714,73387.0,-0.4999999999999998,-0.8660254037844388
2022-07-19,74503,0,1,34.5,24.6,69,0.0,25,0,0,0,75363.57142857143,77273.0,-0.4999999999999998,-0.8660254037844388
2022-07-20,76821,0,1,33.0,24.9,78,9.8,24,0,0,0,75405.14285714286,74503.0,-0.4999999999999998,-0.8660254037844388
2022-07-21,71437,0,1,33.3,24.4,79,17.5,25,0,0,0,76195.42857142857,76821.0,-0.4999999999999998,-0.8660254037844388
2022-07-22,71395,0,1,31.2,24.2,77,1.3,23,0,0,0,75785.85714285714,71437.0,-0.4999999999999998,-0.8660254037844388
2022-07-23,78479,1,1,32.7,24.4,72,1.2,26,0,0,0,75671.57142857143,71395.0,-0.4999999999999998,-0.8660254037844388
2022-07-24,80815,1,1,32.6,24.0,76,1.2,20,0,0,0,74756.42857142857,78479.0,-0.4999999999999998,-0.8660254037844388
2022-07-25,72873,0,1,33.1,24.2,74,7.7,22,0,0,0,75817.57142857143,80815.0,-0.4999999999999998,-0.8660254037844388
2022-07-26,68982,0,1,31.5,24.4,82,13.8,27,0,0,0,75189.0,72873.0,-0.4999999999999998,-0.8660254037844388
2022-07-27,73375,0,1,31.6,23.2,80,1.3,22,0,0,0,74400.28571428571,68982.0,-0.4999999999999998,-0.8660254037844388
2022-07-28,67364,0,1,32.1,24.1,79,2.5,21,0,0,0,73908.0,73375.0,-0.4999999999999998,-0.8660254037844388
2022-07-29,58747,0,1,33.1,23.8,75,0.8,25,0,0,0,73326.14285714286,67364.0,-0.4999999999999998,-0.8660254037844388
2022-07-30,77541,1,1,33.7,24.5,74,2.2,20,0,0,0,71519.28571428571,58747.0,-0.4999999999999998,-0.8660254037844388
2022-07-31,81287,1,1,34.0,24.3,73,6.6,24,0,0,0,71385.28571428571,77541.0,-0.4999999999999998,-0.8660254037844388
2022-08-01,71450,0,0,34.4,24.0,73,20.6,26,0,0,0,71452.71428571429,81287.0,-0.8660254037844384,-0.5000000000000004
2022-08-02,72067,0,0,32.9,23.7,78,7.4,32,0,0,0,71249.42857142857,71450.0,-0.8660254037844384,-0.5000000000000004
2022-08-03,69628,0,0,29.0,24.6,85,6.9,24,0,0,0,71690.14285714286,72067.0,-0.8660254037844384,-0.5000000000000004
2022-08-04,62351,0,0,29.9,24.3,87,17.5,22,0,0,0,71154.85714285714,69628.0,-0.8660254037844384,-0.5000000000000004
2022-08-05,65939,0,0,31.4,24.2,79,13.8,23,0,1,0,70438.71428571429,62351.0,-0.8660254037844384,-0.5000000000000004
2022-08-06,79525,1,0,31.3,25.1,70,1.6,24,0,0,0,71466.14285714286,65939.0,-0.8660254037844384,-0.5000000000000004
2022-08-07,81903,1,0,29.9,24.6,79,7.7,21,0,0,0,71749.57142857143,79525.0,-0.8660254037844384,-0.5000000000000004
2022-08-08,74830,0,0,33.6,25.7,67,6.1,26,0,0,0,71837.57142857143,81903.0,-0.8660254037844384,-0.5000000000000004
2022-08-09,77277,0,0,33.3,25.8,60,0.0,22,1,0,0,72320.42857142857,74830.0,-0.8660254037844384,-0.5000000000000004
2022-08-10,74497,0,0,34.6,25.4,58,0.5,25,0,0,0,73064.71428571429,77277.0,-0.8660254037844384,-0.5000000000000004
2022-08-11,63754,0,0,35.6,24.1,60,0.3,20,0,1,0,73760.28571428571,74497.0,-0.8660254037844384,-0.5000000000000004
2022-08-12,64079,0,0,35.0,25.3,60,0.0,20,0,0,0,73960.71428571429,63754.0,-0.8660254037844384,-0.5000000000000004
2022-08-13,83422,1,0,35.6,26.0,56,0.0,23,0,0,0,73695.0,64079.0,-0.8660254037844384,-0.5000000000000004
2022-08-14,92328,1,0,34.3,26.5,57,0.0,22,0,0,0,74251.71428571429,83422.0,-0.8660254037844384,-0.5000000000000004
2022-08-15,87692,0,0,35.1,25.6,63,0.5,24,1,0,0,75741.0,92328.0,-0.8660254037844384,-0.5000000000000004
2022-08-16,72851,0,0,35.1,24.6,68,0.5,25,0,0,0,77578.42857142857,87692.0,-0.8660254037844384,-0.5000000000000004
2022-08-17,83880,0,0,35.9,25.5,67,0.1,27,0,0,0,76946.14285714286,72851.0,-0.8660254037844384,-0.5000000000000004
2022-08-18,70674,0,0,36.2,25.8,64,2.0,36,0,0,0,78286.57142857143,83880.0,-0.8660254037844384,-0.5000000000000004
2022-08-19,64438,0,0,35.9,26.3,60,0.4,24,1,1,0,79275.14285714286,70674.0,-0.8660254037844384,-0.5000000000000004
2022-08-20,79836,1,0,35.9,26.9,54,0.3,21,0,0,0,79326.42857142857,64438.0,-0.8660254037844384,-0.5000000000000004
2022-08-21,81523,1,0,36.5,26.6,58,1.3,21,0,0,0,78814.14285714286,79836.0,-0.8660254037844384,-0.5000000000000004
2022-08-22,72804,0,0,35.8,25.6,60,0.6,20,0,0,0,77270.57142857143,81523.0,-0.8660254037844384,-0.5000000000000004
2022-08-23,68467,0,0,36.0,24.6,59,0.2,23,0,0,0,75143.71428571429,72804.0,-0.8660254037844384,-0.5000000000000004
2022-08-24,74748,0,0,34.4,24.3,71,15.5,25,0,0,0,74517.42857142857,68467.0,-0.8660254037844384,-0.5000000000000004
2022-08-25,68128,0,0,33.8,24.0,75,15.0,23,0,0,0,73212.85714285714,74748.0,-0.8660254037844384,-0.5000000000000004
2022-08-26,69012,0,0,33.5,23.7,77,19.2,25,0,0,0,72849.14285714286,68128.0,-0.8660254037844384,-0.5000000000000004
2022-08-27,80312,1,0,32.4,23.9,80,8.8,20,0,0,0,73502.57142857143,69012.0,-0.8660254037844384,-0.5000000000000004
2022-08-28,74297,1,0,32.4,23.7,81,8.3,17,0,0,0,73570.57142857143,80312.0,-0.8660254037844384,-0.5000000000000004
2022-08-29,67950,0,0,31.0,23.9,84,7.9,19,0,0,0,72538.28571428571,74297.0,-0.8660254037844384,-0.5000000000000004
2022-08-30,64336,0,0,30.9,23.2,81,1.8,17,0,0,0,71844.85714285714,67950.0,-0.8660254037844384,-0.5000000000000004
2022-08-31,66086,0,0,30.7,23.9,86,6.5,16,0,1,0,71254.71428571429,64336.0,-0.8660254037844384,-0.5000000000000004
2022-09-01,63332,0,0,29.7,23.0,88,10.3,21,0,0,0,70017.28571428571,66086.0,-1.0,-1.8369701987210297e-16
2022-09-02,67525,0,0,31.7,23.5,80,1.5,18,0,0,0,69332.14285714286,63332.0,-1.0,-1.8369701987210297e-16
2022-09-03,79833,1,0,32.6,23.3,78,0.9,20,0,0,0,69119.71428571429,67525.0,-1.0,-1.8369701987210297e-16
2022-09-04,71158,1,0,32.4,24.2,79,3.0,21,0,0,0,69051.28571428571,79833.0,-1.0,-1.8369701987210297e-16
2022-09-05,67843,0,0,33.1,23.7,77,18.0,18,0,0,0,68602.85714285714,71158.0,-1.0,-1.8369701987210297e-16
2022-09-06,70328,0,0,31.5,24.1,85,9.0,18,0,0,0,68587.57142857143,67843.0,-1.0,-1.8369701987210297e-16
2022-09-07,69115,0,0,30.8,24.3,85,10.7,17,0,0,0,69443.57142857143,70328.0,-1.0,-1.8369701987210297e-16
2022-09-08,65470,0,0,30.1,24.3,85,11.7,19,0,0,0,69876.28571428571,69115.0,-1.0,-1.8369701987210297e-16
2022-09-09,64292,0,0,31.9,24.3,83,4.3,20,0,0,0,70181.71428571429,65470.0,-1.0,-1.8369701987210297e-16
2022-09-10,80741,1,0,31.4,24.6,80,4.0,22,0,0,0,69719.85714285714,64292.0,-1.0,-1.8369701987210297e-16
2022-09-11,86793,1,0,31.9,25.2,72,0.0,23,0,0,0,69849.57142857143,80741.0,-1.0,-1.8369701987210297e-16
2022-09-12,74231,0,0,33.7,24.1,67,0.0,22,0,0,0,72083.14285714286,86793.0,-1.0,-1.8369701987210297e-16
2022-09-13,75175,0,0,33.6,23.6,68,0.0,23,0,0,0,72995.71428571429,74231.0,-1.0,-1.8369701987210297e-16
2022-09-14,72540,0,0,33.3,24.2,74,0.2,21,0,0,0,73688.14285714286,75175.0,-1.0,-1.8369701987210297e-16
2022-09-15,65634,0,0,32.1,24.1,75,3.2,22,0,0,0,74177.42857142857,72540.0,-1.0,-1.8369701987210297e-16
2022-09-16,67425,0,0,34.5,24.5,65,0.1,20,0,0,0,74200.85714285714,65634.0,-1.0,-1.8369701987210297e-16
2022-09-17,82392,1,0,34.5,25.2,64,0.0,28,0,0,0,74648.42857142857,67425.0,-1.0,-1.8369701987210297e-16
2022-09-18,88924,1,0,34.8,25.3,58,0.0,24,0,0,0,74884.28571428571,82392.0,-1.0,-1.8369701987210297e-16
2022-09-19,67276,0,0,33.8,25.5,58,0.1,26,0,0,0,75188.71428571429,88924.0,-1.0,-1.8369701987210297e-16
2022-09-20,73186,0,0,35.6,25.6,52,0.0,25,0,0,0,74195.14285714286,67276.0,-1.0,-1.8369701987210297e-16
2022-09-21,74817,0,0,35.3,24.6,52,0.6,45,0,0,0,73911.0,73186.0,-1.0,-1.8369701987210297e-16
2022-09-22,65187,0,0,35.9,25.0,48,0.0,24,0,0,0,74236.28571428571,74817.0,-1.0,-1.8369701987210297e-16
2022-09-23,65158,0,0,36.2,23.6,47,0.0,18,0,0,0,74172.42857142857,65187.0,-1.0,-1.8369701987210297e-16
2022-09-24,77855,1,0,35.9,26.2,50,0.5,22,0,0,0,73848.57142857143,65158.0,-1.0,-1.8369701987210297e-16
2022-09-25,69650,1,0,36.0,25.1,58,1.2,19,0,0,0,73200.42857142857,77855.0,-1.0,-1.8369701987210297e-16
2022-09-26,52682,0,0,32.2,23.9,75,21.5,24,0,1,0,70447.0,69650.0,-1.0,-1.8369701987210297e-16
2022-09-27,51308,0,0,34.1,24.5,70,0.9,20,0,1,1,68362.14285714286,52682.0,-1.0,-1.8369701987210297e-16
2022-09-28,64823,0,0,32.8,24.5,79,13.5,15,0,1,1,65236.71428571428,51308.0,-1.0,-1.8369701987210297e-16
2022-09-29,61879,0,0,32.7,23.9,76,12.9,19,0,1,1,63809.0,64823.0,-1.0,-1.8369701987210297e-16
2022-09-30,75382,0,0,30.3,24.2,78,2.1,15,0,1,1,63336.42857142857,61879.0,-1.0,-1.8369701987210297e-16
2022-10-01,81318,1,0,29.8,23.7,79,8.4,18,0,1,1,64797.0,75382.0,-0.8660254037844386,0.5000000000000001
2022-10-02,82463,1,0,31.7,25.4,72,0.0,19,1,1,1,65291.71428571428,81318.0,-0.8660254037844386,0.5000000000000001
2022-10-03,82815,0,0,32.7,24.7,68,0.0,18,0,1,1,67122.14285714286,82463.0,-0.8660254037844386,0.5000000000000001
2022-10-04,68539,0,0,33.2,24.1,68,0.0,16,0,1,1,71426.85714285714,82815.0,-0.8660254037844386,0.5000000000000001
2022-10-05,63579,0,0,31.2,24.4,78,4.8,19,1,1,1,73888.42857142857,68539.0,-0.8660254037844386,0.5000000000000001
2022-10-06,72195,0,0,30.2,23.5,82,11.8,19,0,0,0,73710.71428571429,63579.0,-0.8660254037844386,0.5000000000000001
2022-10-07,70007,0,0,30.2,23.0,83,4.2,23,0,0,0,75184.42857142857,72195.0,-0.8660254037844386,0.5000000000000001
2022-10-08,81034,1,0,30.4,23.6,86,4.7,25,0,0,0,74416.57142857143,70007.0,-0.8660254037844386,0.5000000000000001
2022-10-09,86188,1,0,29.1,23.4,89,3.8,22,1,0,0,74376.0,81034.0,-0.8660254037844386,0.5000000000000001
2022-10-10,83223,0,0,29.6,22.8,88,11.1,21,0,0,0,74908.14285714286,86188.0,-0.8660254037844386,0.5000000000000001
2022-10-11,77956,0,0,29.9,23.4,85,4.1,21,0,0,0,74966.42857142857,83223.0,-0.8660254037844386,0.5000000000000001
2022-10-12,79370,0,0,30.5,23.0,85,6.0,20,0,0,0,76311.71428571429,77956.0,-0.8660254037844386,0.5000000000000001
2022-10-13,72216,0,0,30.1,23.2,85,7.5,23,0,0,0,78567.57142857143,79370.0,-0.8660254037844386,0.5000000000000001
2022-10-14,68675,0,0,30.3,22.7,87,3.7,19,0,0,0,78570.57142857143,72216.0,-0.8660254037844386,0.5000000000000001
2022-10-15,81535,1,0,29.3,22.7,88,20.6,22,0,0,0,78380.28571428571,68675.0,-0.8660254037844386,0.5000000000000001
2022-10-16,84794,1,0,30.0,23.3,87,10.1,19,0,0,0,78451.85714285714,81535.0,-0.8660254037844386,0.5000000000000001
2022-10-17,70067,0,0,29.8,23.1,85,2.7,20,0,0,0,78252.71428571429,84794.0,-0.8660254037844386,0.5000000000000001
2022-10-18,73420,0,0,31.1,22.6,83,10.1,19,0,0,0,76373.28571428571,70067.0,-0.8660254037844386,0.5000000000000001
2022-10-19,72243,0,0,30.9,23.3,82,2.1,21,0,0,0,75725.28571428571,73420.0,-0.8660254037844386,0.5000000000000001
2022-10-20,62725,0,0,30.6,23.0,82,1.6,25,0,0,0,74707.14285714286,72243.0,-0.8660254037844386,0.5000000000000001
2022-10-21,62203,0,0,29.5,23.3,84,4.6,29,0,0,0,73351.28571428571,62725.0,-0.8660254037844386,0.5000000000000001
2022-10-22,78299,1,0,29.8,22.7,81,2.0,23,0,0,0,72426.71428571429,62203.0,-0.8660254037844386,0.5000000000000001
2022-10-23,80565,1,0,32.0,21.2,65,0.0,18,0,0,0,71964.42857142857,78299.0,-0.8660254037844386,0.5000000000000001
2022-10-24,69278,0,0,31.7,19.2,53,0.0,18,1,1,0,71360.28571428571,80565.0,-0.8660254037844386,0.5000000000000001
2022-10-26,71689,0,0,31.4,19.2,56,0.0,31,0,0,0,71247.57142857143,69278.0,-0.8660254037844386,0.5000000000000001
2022-10-27,67439,0,0,31.2,18.5,65,0.3,23,0,0,0,71000.28571428571,71689.0,-0.8660254037844386,0.5000000000000001
2022-10-28,63512,0,0,30.4,22.9,77,2.5,34,0,0,0,70314.0,67439.0,-0.8660254037844386,0.5000000000000001
2022-10-29,84878,1,0,30.0,22.0,80,2.1,29,0,0,0,70426.42857142857,63512.0,-0.8660254037844386,0.5000000000000001
2022-10-30,85131,1,0,30.7,22.3,73,0.9,26,0,0,0,73665.71428571429,84878.0,-0.8660254037844386,0.5000000000000001
2022-10-31,70560,0,0,29.8,22.9,76,2.4,32,0,0,0,74641.71428571429,85131.0,-0.8660254037844386,0.5000000000000001
2022-11-01,72176,0,0,23.7,22.4,93,53.3,26,0,0,0,73212.42857142857,70560.0,-0.5000000000000004,0.8660254037844384
2022-11-02,68995,0,0,25.5,21.9,91,6.4,26,0,0,0,73626.42857142857,72176.0,-0.5000000000000004,0.8660254037844384
2022-11-03,70263,0,0,27.7,22.4,89,0.9,23,0,0,0,73241.57142857143,68995.0,-0.5000000000000004,0.8660254037844384
2022-11-04,63670,0,0,28.8,22.0,86,2.2,24,0,0,0,73645.0,70263.0,-0.5000000000000004,0.8660254037844384
2022-11-05,82604,1,0,29.2,21.8,84,1.8,25,0,0,0,73667.57142857143,63670.0,-0.5000000000000004,0.8660254037844384
2022-11-06,84211,1,0,29.4,22.0,79,0.4,22,0,0,0,73342.71428571429,82604.0,-0.5000000000000004,0.8660254037844384
2022-11-07,74094,0,0,29.6,20.7,76,0.0,28,0,0,0,73211.28571428571,84211.0,-0.5000000000000004,0.8660254037844384
2022-11-09,66946,0,0,29.9,20.1,77,0.0,26,0,0,0,73716.14285714286,74094.0,-0.5000000000000004,0.8660254037844384
2022-11-10,61304,0,0,28.5,21.7,83,2.7,16,0,0,0,72969.0,66946.0,-0.5000000000000004,0.8660254037844384
2022-11-11,57104,0,0,25.4,23.2,88,17.8,40,0,0,0,71870.28571428571,61304.0,-0.5000000000000004,0.8660254037844384
2022-11-12,73323,1,0,24.8,22.4,93,23.9,21,0,0,0,69990.42857142857,57104.0,-0.5000000000000004,0.8660254037844384
2022-11-13,81130,1,0,25.9,22.0,92,6.3,16,0,0,0,71369.42857142857,73323.0,-0.5000000000000004,0.8660254037844384
2022-11-14,69814,0,0,27.5,21.8,89,4.4,17,0,0,0,71158.85714285714,81130.0,-0.5000000000000004,0.8660254037844384
2022-11-15,71461,0,0,28.2,21.1,86,0.5,16,0,0,0,69102.14285714286,69814.0,-0.5000000000000004,0.8660254037844384
2022-11-16,74412,0,0,29.1,19.2,82,0.0,23,0,0,0,68726.0,71461.0,-0.5000000000000004,0.8660254037844384
2022-11-17,65062,0,0,28.9,17.3,70,0.0,17,0,0,0,69792.57142857143,74412.0,-0.5000000000000004,0.8660254037844384
2022-11-18,60861,0,0,28.4,16.2,70,0.0,14,0,0,0,70329.42857142857,65062.0,-0.5000000000000004,0.8660254037844384
2022-11-19,79471,1,0,28.2,17.8,73,0.0,17,0,0,0,70866.14285714286,60861.0,-0.5000000000000004,0.8660254037844384
2022-11-20,80294,1,0,27.7,18.0,67,0.0,14,0,0,0,71744.42857142857,79471.0,-0.5000000000000004,0.8660254037844384
2022-11-21,70163,0,0,24.8,19.9,81,17.0,17,0,0,0,71625.0,80294.0,-0.5000000000000004,0.8660254037844384
2022-11-22,69587,0,0,24.5,21.2,86,42.8,13,0,0,0,71674.85714285714,70163.0,-0.5000000000000004,0.8660254037844384
2022-11-23,74354,0,0,26.3,22.8,92,18.3,14,0,0,0,71407.14285714286,69587.0,-0.5000000000000004,0.8660254037844384
2022-11-24,66072,0,0,27.6,22.3,90,10.9,15,0,0,0,71398.85714285714,74354.0,-0.5000000000000004,0.8660254037844384
2022-11-25,60157,0,0,28.8,21.6,87,1.0,14,0,0,0,71543.14285714286,66072.0,-0.5000000000000004,0.8660254037844384
2022-11-26,76681,1,0,28.8,20.8,89,0.8,15,0,0,0,71442.57142857143,60157.0,-0.5000000000000004,0.8660254037844384
2022-11-27,73831,1,0,29.2,21.5,86,1.1,15,0,0,0,71044.0,76681.0,-0.5000000000000004,0.8660254037844384
2022-11-28,67468,0,0,29.0,21.0,82,0.0,17,0,0,0,70120.71428571429,73831.0,-0.5000000000000004,0.8660254037844384
2022-11-29,69211,0,0,28.5,19.5,77,0.0,17,0,0,0,69735.71428571429,67468.0,-0.5000000000000004,0.8660254037844384
2022-11-30,69640,0,0,27.6,17.9,82,0.0,13,0,0,0,69682.0,69211.0,-0.5000000000000004,0.8660254037844384
2022-12-01,65568,0,0,28.2,20.7,86,2.5,15,0,0,0,69008.57142857143,69640.0,-2.4492935982947064e-16,1.0
2022-12-02,64586,0,0,28.3,21.9,86,1.7,12,0,0,0,68936.57142857143,65568.0,-2.4492935982947064e-16,1.0
2022-12-03,63931,1,0,28.2,22.3,86,2.8,14,0,0,0,69569.28571428571,64586.0,-2.4492935982947064e-16,1.0
2022-12-04,80001,1,0,29.4,22.9,82,1.2,14,0,0,0,67747.85714285714,63931.0,-2.4492935982947064e-16,1.0
2022-12-05,66020,0,0,29.0,21.6,83,0.6,14,0,0,0,68629.28571428571,80001.0,-2.4492935982947064e-16,1.0
2022-12-06,64162,0,0,29.1,20.2,81,0.1,16,0,0,0,68422.42857142857,66020.0,-2.4492935982947064e-16,1.0
2022-12-07,51376,0,0,28.5,19.8,71,0.0,13,0,0,0,67701.14285714286,64162.0,-2.4492935982947064e-16,1.0
2022-12-08,54609,0,0,26.3,18.9,68,1.5,14,0,0,0,65092.0,51376.0,-2.4492935982947064e-16,1.0
2022-12-09,57581,0,0,23.1,18.7,82,44.5,14,0,0,0,63526.42857142857,54609.0,-2.4492935982947064e-16,1.0
2022-12-10,69383,1,0,24.6,21.8,91,46.9,12,0,0,0,62525.71428571428,57581.0,-2.4492935982947064e-16,1.0
2022-12-11,72466,1,0,24.8,21.3,92,13.0,16,0,0,0,63304.57142857143,69383.0,-2.4492935982947064e-16,1.0
2022-12-12,65466,0,0,25.3,21.3,92,61.6,24,0,0,0,62228.142857142855,72466.0,-2.4492935982947064e-16,1.0
2022-12-13,63214,0,0,27.9,21.9,88,3.2,20,0,0,0,62149.0,65466.0,-2.4492935982947064e-16,1.0
2022-12-14,59752,0,0,28.2,21.2,88,3.2,14,0,0,0,62013.57142857143,63214.0,-2.4492935982947064e-16,1.0
2022-12-15,63549,0,0,27.1,19.4,85,0.0,13,0,0,0,63210.142857142855,59752.0,-2.4492935982947064e-16,1.0
2022-12-16,48928,0,0,28.4,17.6,72,0.0,17,0,0,0,64487.28571428572,63549.0,-2.4492935982947064e-16,1.0
2022-12-17,64107,1,0,28.2,18.9,80,0.0,16,0,0,0,63251.142857142855,48928.0,-2.4492935982947064e-16,1.0
2022-12-18,75611,1,0,26.4,20.5,88,2.8,14,0,0,0,62497.42857142857,64107.0,-2.4492935982947064e-16,1.0
2022-12-19,63759,0,0,27.1,19.0,79,0.0,18,0,0,0,62946.71428571428,75611.0,-2.4492935982947064e-16,1.0
2022-12-20,63366,0,0,27.3,18.6,80,0.0,19,0,0,0,62702.857142857145,63759.0,-2.4492935982947064e-16,1.0
2022-12-21,68469,0,0,26.7,19.5,83,0.0,19,0,0,0,62724.57142857143,63366.0,-2.4492935982947064e-16,1.0
2022-12-22,63145,0,0,27.7,17.7,80,0.0,20,0,0,0,63969.857142857145,68469.0,-2.4492935982947064e-16,1.0
2022-12-23,62055,0,0,27.5,18.2,76,0.0,21,0,0,0,63912.142857142855,63145.0,-2.4492935982947064e-16,1.0
2022-12-24,71528,1,0,26.8,18.0,82,0.7,36,0,0,0,65787.42857142857,62055.0,-2.4492935982947064e-16,1.0
2022-12-25,70373,1,0,24.4,22.1,93,6.7,20,1,0,0,66847.57142857143,71528.0,-2.4492935982947064e-16,1.0
2022-12-26,62152,0,0,27.2,21.8,90,3.1,21,0,0,0,66099.28571428571,70373.0,-2.4492935982947064e-16,1.0
2022-12-27,70496,0,0,28.5,21.8,87,2.4,20,0,0,0,65869.71428571429,62152.0,-2.4492935982947064e-16,1.0
2022-12-28,71299,0,0,29.0,20.1,84,0.5,22,0,0,0,66888.28571428571,70496.0,-2.4492935982947064e-16,1.0
2022-12-29,67156,0,0,29.6,20.1,78,0.0,20,0,0,0,67292.57142857143,71299.0,-2.4492935982947064e-16,1.0
2022-12-30,63253,0,0,29.8,20.7,79,0.0,20,0,0,0,67865.57142857143,67156.0,-2.4492935982947064e-16,1.0
2022-12-31,78460,1,0,29.4,18.6,76,0.0,17,0,0,0,68036.71428571429,63253.0,-2.4492935982947064e-16,1.0
2023-01-01,53101,1,0,29.0,18.2,76,0.0,19,0,0,0,69027.0,78460.0,0.49999999999999994,0.8660254037844387
2023-01-02,69414,0,0,28.9,18.7,79,0.0,25,0,0,0,66559.57142857143,53101.0,0.49999999999999994,0.8660254037844387
2023-01-03,71924,0,0,27.3,17.8,83,0.8,18,0,0,0,67597.0,69414.0,0.49999999999999994,0.8660254037844387
2023-01-04,61116,0,0,27.3,19.2,82,1.2,21,0,0,0,67801.0,71924.0,0.49999999999999994,0.8660254037844387
2023-01-05,47781,0,0,28.0,19.9,79,0.4,17,0,0,0,66346.28571428571,61116.0,0.49999999999999994,0.8660254037844387
2023-01-06,45887,0,0,27.6,20.3,80,0.3,20,0,0,0,63578.42857142857,47781.0,0.49999999999999994,0.8660254037844387
2023-01-07,62856,1,0,26.6,19.4,84,1.4,19,0,0,0,61097.57142857143,45887.0,0.49999999999999994,0.8660254037844387
2023-01-08,67169,1,0,27.4,18.2,77,0.0,21,0,0,0,58868.42857142857,62856.0,0.49999999999999994,0.8660254037844387
2023-01-09,56003,0,0,26.7,15.5,76,0.0,56,0,0,0,60878.142857142855,67169.0,0.49999999999999994,0.8660254037844387
2023-01-10,58184,0,0,26.6,15.5,75,0.0,29,0,0,0,58962.28571428572,56003.0,0.49999999999999994,0.8660254037844387
2023-01-11,68855,0,0,27.7,14.0,73,0.0,19,0,0,0,56999.42857142857,58184.0,0.49999999999999994,0.8660254037844387
2023-01-12,68354,0,0,28.3,14.9,70,0.0,13,0,0,0,58105.0,68855.0,0.49999999999999994,0.8660254037844387
2023-01-13,59090,0,0,28.6,15.1,73,0.0,14,0,0,0,61044.0,68354.0,0.49999999999999994,0.8660254037844387
2023-01-14,73394,1,0,28.6,15.0,70,0.0,12,0,1,0,62930.142857142855,59090.0,0.49999999999999994,0.8660254037844387
2023-01-15,76307,1,0,28.2,14.4,71,0.0,13,0,1,0,64435.57142857143,73394.0,0.49999999999999994,0.8660254037844387
2023-01-16,69804,0,0,28.3,15.9,76,0.0,15,0,1,0,65741.0,76307.0,0.49999999999999994,0.8660254037844387
2023-01-17,74236,0,0,28.6,15.9,76,0.0,12,0,0,0,67712.57142857143,69804.0,0.49999999999999994,0.8660254037844387
2023-01-18,76229,0,0,28.3,16.9,72,0.0,10,0,0,0,70005.71428571429,74236.0,0.49999999999999994,0.8660254037844387
2023-01-19,67511,0,0,28.6,16.5,72,0.0,13,0,0,0,71059.14285714286,76229.0,0.49999999999999994,0.8660254037844387
2023-01-20,72834,0,0,28.0,17.9,77,0.0,14,0,0,0,70938.71428571429,67511.0,0.49999999999999994,0.8660254037844387
2023-01-21,78158,1,0,29.0,19.6,76,0.5,13,0,0,0,72902.14285714286,72834.0,0.49999999999999994,0.8660254037844387
2023-01-22,72998,1,0,28.5,18.1,73,0.0,14,0,0,0,73582.71428571429,78158.0,0.49999999999999994,0.8660254037844387
2023-01-23,70413,0,0,28.2,19.3,78,0.5,14,0,0,0,73110.0,72998.0,0.49999999999999994,0.8660254037844387
2023-01-24,69221,0,0,29.5,19.6,74,0.0,15,0,0,0,73197.0,70413.0,0.49999999999999994,0.8660254037844387
2023-01-25,67493,0,0,29.2,17.8,73,0.0,13,0,0,0,72480.57142857143,69221.0,0.49999999999999994,0.8660254037844387
2023-01-26,58379,0,0,29.3,19.3,72,0.0,16,1,0,0,71232.57142857143,67493.0,0.49999999999999994,0.8660254037844387
2023-01-27,59695,0,0,29.2,17.5,74,0.0,15,0,0,0,69928.0,58379.0,0.49999999999999994,0.8660254037844387
2023-01-28,80094,1,0,29.3,16.0,70,0.0,14,0,1,0,68051.0,59695.0,0.49999999999999994,0.8660254037844387
2023-01-29,78639,1,0,29.2,17.8,74,0.0,12,0,0,0,68327.57142857143,80094.0,0.49999999999999994,0.8660254037844387
2023-01-30,74242,0,0,28.4,20.6,81,1.6,15,0,0,0,69133.42857142857,78639.0,0.49999999999999994,0.8660254037844387
2023-01-31,60939,0,0,30.0,20.6,77,0.3,13,0,0,0,69680.42857142857,74242.0,0.49999999999999994,0.8660254037844387
2023-02-01,61368,0,0,30.0,19.8,71,0.0,12,0,0,0,68497.28571428571,60939.0,0.8660254037844386,0.5000000000000001
2023-02-02,60609,0,0,30.4,21.4,71,0.0,14,0,0,0,67622.28571428571,61368.0,0.8660254037844386,0.5000000000000001
2023-02-03,57147,0,0,30.0,21.1,75,0.1,13,0,0,0,67940.85714285714,60609.0,0.8660254037844386,0.5000000000000001
2023-02-04,72226,1,0,30.6,19.7,73,0.0,15,0,0,0,67576.85714285714,57147.0,0.8660254037844386,0.5000000000000001
2023-02-05,78340,1,0,30.2,17.7,68,0.0,14,0,0,0,66452.85714285714,72226.0,0.8660254037844386,0.5000000000000001
2023-02-06,71496,0,0,30.8,17.7,65,0.0,15,0,0,0,66410.14285714286,78340.0,0.8660254037844386,0.5000000000000001
2023-02-07,65297,0,0,32.6,18.8,65,0.0,16,0,0,0,66017.85714285714,71496.0,0.8660254037844386,0.5000000000000001
2023-02-08,63315,0,0,31.8,20.3,67,0.0,17,0,0,0,66640.42857142857,65297.0,0.8660254037844386,0.5000000000000001
2023-02-09,59090,0,0,31.9,18.4,63,0.0,15,0,0,0,66918.57142857143,63315.0,0.8660254037844386,0.5000000000000001
2023-02-10,57702,0,0,32.5,17.7,58,0.0,15,0,0,0,66701.57142857143,59090.0,0.8660254037844386,0.5000000000000001
2023-02-11,75728,1,0,32.2,17.1,58,0.0,15,0,0,0,66780.85714285714,57702.0,0.8660254037844386,0.5000000000000001
2023-02-12,80969,1,0,32.9,17.4,57,0.0,14,0,0,0,67281.14285714286,75728.0,0.8660254037844386,0.5000000000000001
2023-02-13,71434,0,0,32.6,17.8,49,0.0,18,0,0,0,67656.71428571429,80969.0,0.8660254037844386,0.5000000000000001
2023-02-14,70789,0,0,32.0,17.4,59,0.0,16,0,0,0,67647.85714285714,71434.0,0.8660254037844386,0.5000000000000001
2023-02-15,66033,0,0,32.5,18.4,64,0.0,11,0,0,0,68432.42857142857,70789.0,0.8660254037844386,0.5000000000000001
2023-02-16,54469,0,0,31.7,17.3,56,0.0,15,0,0,0,68820.71428571429,66033.0,0.8660254037844386,0.5000000000000001
2023-02-17,65633,0,0,32.7,17.9,63,0.0,12,0,0,0,68160.57142857143,54469.0,0.8660254037844386,0.5000000000000001
2023-02-18,71350,1,0,32.3,17.7,65,0.0,14,0,1,0,69293.57142857143,65633.0,0.8660254037844386,0.5000000000000001
2023-02-19,79555,1,0,32.1,19.5,66,0.0,13,0,0,0,68668.14285714286,71350.0,0.8660254037844386,0.5000000000000001
2023-02-20,61374,0,0,32.8,18.7,59,0.0,18,0,0,0,68466.14285714286,79555.0,0.8660254037844386,0.5000000000000001
2023-02-21,53755,0,0,33.6,18.0,48,0.0,17,0,0,0,67029.0,61374.0,0.8660254037844386,0.5000000000000001
2023-02-22,62101,0,0,33.5,18.5,48,0.0,33,0,0,0,64595.57142857143,53755.0,0.8660254037844386,0.5000000000000001
2023-02-23,57737,0,0,33.6,18.4,51,0.0,21,0,0,0,64033.857142857145,62101.0,0.8660254037844386,0.5000000000000001
2023-02-24,61265,0,0,33.7,18.5,58,0.0,40,0,0,0,64500.71428571428,57737.0,0.8660254037844386,0.5000000000000001
2023-02-25,76736,1,0,34.5,17.1,52,0.0,21,0,0,0,63876.71428571428,61265.0,0.8660254037844386,0.5000000000000001
2023-02-26,81170,1,0,33.1,17.1,48,0.0,17,0,0,0,64646.142857142855,76736.0,0.8660254037844386,0.5000000000000001
2023-02-27,71387,0,0,33.5,17.7,51,0.0,16,0,0,0,64876.857142857145,81170.0,0.8660254037844386,0.5000000000000001
2023-02-28,59392,0,0,33.0,17.9,65,0.0,14,0,0,0,66307.28571428571,71387.0,0.8660254037844386,0.5000000000000001
2023-03-01,60931,0,0,33.6,21.5,67,0.0,13,0,0,0,67112.57142857143,59392.0,1.0,6.123233995736766e-17
2023-03-02,60682,0,0,33.4,19.6,53,0.0,12,0,0,0,66945.42857142857,60931.0,1.0,6.123233995736766e-17
2023-03-03,58137,0,0,33.8,18.2,41,0.0,13,0,0,0,67366.14285714286,60682.0,1.0,6.123233995736766e-17
2023-03-04,77522,1,0,34.2,18.9,43,0.0,14,0,0,0,66919.28571428571,58137.0,1.0,6.123233995736766e-17
2023-03-05,74994,1,0,34.3,20.9,47,0.0,14,0,0,0,67031.57142857143,77522.0,1.0,6.123233995736766e-17
2023-03-06,65613,0,0,34.7,19.5,43,0.0,12,0,0,0,66149.28571428571,74994.0,1.0,6.123233995736766e-17
2023-03-07,59751,0,0,34.4,17.7,54,0.0,13,0,0,0,65324.42857142857,65613.0,1.0,6.123233995736766e-17
2023-03-08,61921,0,0,33.9,19.8,61,0.0,12,1,0,0,65375.71428571428,59751.0,1.0,6.123233995736766e-17
2023-03-09,58494,0,0,33.3,19.6,61,0.0,12,0,0,0,65517.142857142855,61921.0,1.0,6.123233995736766e-17
2023-03-10,63443,0,0,32.9,20.6,60,0.0,13,0,0,0,65204.57142857143,58494.0,1.0,6.123233995736766e-17
2023-03-11,79561,1,0,33.6,19.0,65,0.0,14,0,0,0,65962.57142857143,63443.0,1.0,6.123233995736766e-17
2023-03-12,81458,1,0,33.8,20.5,66,0.0,11,0,0,0,66253.85714285714,79561.0,1.0,6.123233995736766e-17
2023-03-13,68365,0,0,35.2,20.5,58,0.0,12,0,0,0,67177.28571428571,81458.0,1.0,6.123233995736766e-17
2023-03-14,63285,0,0,36.5,20.8,47,0.0,13,0,0,0,67570.42857142857,68365.0,1.0,6.123233995736766e-17
2023-03-15,63535,0,0,34.9,22.8,67,1.4,12,0,0,0,68075.28571428571,63285.0,1.0,6.123233995736766e-17
2023-03-16,59776,0,0,34.8,24.4,67,0.6,13,0,0,0,68305.85714285714,63535.0,1.0,6.123233995736766e-17
2023-03-17,62938,0,0,32.4,23.8,76,8.0,13,0,0,0,68489.0,59776.0,1.0,6.123233995736766e-17
2023-03-18,75452,1,0,30.6,22.8,83,17.2,13,0,0,0,68416.85714285714,62938.0,1.0,6.123233995736766e-17
2023-03-19,81700,1,0,29.7,22.6,80,1.3,14,0,0,0,67829.85714285714,75452.0,1.0,6.123233995736766e-17
2023-03-20,62824,0,0,32.4,21.5,75,0.1,19,0,0,0,67864.42857142857,81700.0,1.0,6.123233995736766e-17
2023-03-21,57559,0,0,33.0,22.7,75,0.0,18,0,0,0,67072.85714285714,62824.0,1.0,6.123233995736766e-17
2023-03-22,53146,0,0,33.4,23.7,73,0.3,16,0,1,0,66254.85714285714,57559.0,1.0,6.123233995736766e-17
2023-03-23,58955,0,0,34.5,24.3,77,1.6,20,0,0,0,64770.71428571428,53146.0,1.0,6.123233995736766e-17
2023-03-24,63507,0,0,34.8,24.9,73,1.7,24,0,0,0,64653.42857142857,58955.0,1.0,6.123233995736766e-17
2023-03-25,77856,1,0,34.4,24.5,70,0.4,22,0,0,0,64734.71428571428,63507.0,1.0,6.123233995736766e-17
2023-03-26,79415,1,0,34.4,24.1,71,1.6,20,0,0,0,65078.142857142855,77856.0,1.0,6.123233995736766e-17
2023-03-27,67886,0,0,36.0,24.0,67,0.0,49,0,0,0,64751.71428571428,79415.0,1.0,6.123233995736766e-17
2023-03-28,70605,0,0,35.2,24.6,72,0.3,25,0,0,0,65474.857142857145,67886.0,1.0,6.123233995736766e-17
2023-03-29,64754,0,0,35.5,24.9,66,0.0,17,0,0,0,67338.57142857143,70605.0,1.0,6.123233995736766e-17
2023-03-30,60699,0,0,36.1,23.5,64,0.0,15,1,1,0,68996.85714285714,64754.0,1.0,6.123233995736766e-17
2023-03-31,61425,0,0,37.6,25.4,58,0.0,14,0,0,0,69246.0,60699.0,1.0,6.123233995736766e-17
2023-04-01,75510,1,0,36.0,25.3,70,11.9,14,0,0,0,68948.57142857143,61425.0,0.8660254037844387,-0.49999999999999983
2023-04-02,82398,1,0,37.2,24.5,66,0.5,15,0,0,0,68613.42857142857,75510.0,0.8660254037844387,-0.49999999999999983
2023-04-03,70086,0,0,36.0,24.1,65,0.7,13,0,0,0,69039.57142857143,82398.0,0.8660254037844387,-0.49999999999999983
2023-04-04,70497,0,0,36.0,24.6,62,0.2,14,1,0,0,69353.85714285714,70086.0,0.8660254037844387,-0.49999999999999983
2023-04-05,73208,0,0,37.5,24.7,61,0.0,12,0,0,0,69338.42857142857,70497.0,0.8660254037844387,-0.49999999999999983
2023-04-06,60101,0,0,37.2,25.0,63,0.0,14,0,0,0,70546.14285714286,73208.0,0.8660254037844387,-0.49999999999999983
2023-04-07,71782,0,0,36.2,25.2,63,0.0,16,1,0,0,70460.71428571429,60101.0,0.8660254037844387,-0.49999999999999983
2023-04-08,85450,1,0,36.2,22.9,62,0.0,15,0,0,0,71940.28571428571,71782.0,0.8660254037844387,-0.49999999999999983
2023-04-09,86129,1,0,36.1,23.8,60,0.0,15,0,0,0,73360.28571428571,85450.0,0.8660254037844387,-0.49999999999999983
2023-04-10,69781,0,0,37.2,23.8,58,0.0,13,0,0,0,73893.28571428571,86129.0,0.8660254037844387,-0.49999999999999983
2023-04-11,65314,0,0,37.8,22.7,53,0.0,12,0,0,0,73849.71428571429,69781.0,0.8660254037844387,-0.49999999999999983
2023-04-12,63244,0,0,38.4,21.0,38,0.0,11,0,0,0,73109.28571428571,65314.0,0.8660254037844387,-0.49999999999999983
2023-04-13,67687,0,0,39.6,22.4,38,0.0,12,0,0,0,71685.85714285714,63244.0,0.8660254037844387,-0.49999999999999983
2023-04-14,66310,0,0,40.2,22.7,37,0.0,12,1,1,0,72769.57142857143,67687.0,0.8660254037844387,-0.49999999999999983
2023-04-15,81305,1,0,39.4,23.4,39,0.0,12,0,0,0,71987.85714285714,66310.0,0.8660254037844387,-0.49999999999999983
2023-04-16,76201,1,0,39.8,23.4,43,0.0,13,0,0,0,71395.71428571429,81305.0,0.8660254037844387,-0.49999999999999983
2023-04-17,67828,0,0,39.3,22.7,40,0.0,14,0,0,0,69977.42857142857,76201.0,0.8660254037844387,-0.49999999999999983
2023-04-18,66476,0,0,40.1,23.2,43,0.0,13,0,0,0,69698.42857142857,67828.0,0.8660254037844387,-0.49999999999999983
2023-04-19,61050,0,0,39.9,23.6,43,0.0,13,0,0,0,69864.42857142857,66476.0,0.8660254037844387,-0.49999999999999983
2023-04-20,56680,0,0,40.6,24.9,45,0.0,17,0,0,0,69551.0,61050.0,0.8660254037844387,-0.49999999999999983
2023-04-21,57354,0,0,40.0,26.8,55,0.0,17,0,0,0,67978.57142857143,56680.0,0.8660254037844387,-0.49999999999999983
2023-04-22,72631,1,0,36.3,26.8,67,13.3,14,1,0,0,66699.14285714286,57354.0,0.8660254037844387,-0.49999999999999983
2023-04-23,74873,1,0,39.3,27.8,64,7.2,14,0,0,0,65460.0,72631.0,0.8660254037844387,-0.49999999999999983
2023-04-24,63870,0,0,36.6,26.1,67,0.5,21,0,0,0,65270.28571428572,74873.0,0.8660254037844387,-0.49999999999999983
2023-04-25,62971,0,0,35.6,26.0,69,1.6,47,0,0,0,64704.857142857145,63870.0,0.8660254037844387,-0.49999999999999983
2023-04-26,63382,0,0,36.1,25.4,67,2.0,19,0,0,0,64204.142857142855,62971.0,0.8660254037844387,-0.49999999999999983
2023-04-27,65910,0,0,37.2,25.4,63,0.5,14,0,0,0,64537.28571428572,63382.0,0.8660254037844387,-0.49999999999999983
2023-04-28,59071,0,0,37.9,26.0,64,1.4,13,0,0,0,65855.85714285714,65910.0,0.8660254037844387,-0.49999999999999983
2023-04-29,75652,1,0,35.6,26.0,68,2.7,13,0,0,0,66101.14285714286,59071.0,0.8660254037844387,-0.49999999999999983
2023-04-30,82582,1,0,36.3,25.2,68,4.0,10,0,0,0,66532.71428571429,75652.0,0.8660254037844387,-0.49999999999999983
2023-05-01,81183,0,1,34.5,24.2,77,44.9,14,0,0,0,67634.0,82582.0,0.49999999999999994,-0.8660254037844387
2023-05-02,75789,0,1,30.9,23.7,80,3.6,9,0,0,0,70107.28571428571,81183.0,0.49999999999999994,-0.8660254037844387
2023-05-03,68953,0,1,32.7,23.7,77,0.2,10,0,0,0,71938.42857142857,75789.0,0.49999999999999994,-0.8660254037844387
2023-05-04,64707,0,1,34.0,25.2,77,4.7,10,0,1,0,72734.28571428571,68953.0,0.49999999999999994,-0.8660254037844387
2023-05-05,59849,0,1,32.0,24.0,86,36.9,10,1,0,0,72562.42857142857,64707.0,0.49999999999999994,-0.8660254037844387
2023-05-06,76392,1,1,31.5,25.1,84,12.3,9,0,0,0,72673.57142857143,59849.0,0.49999999999999994,-0.8660254037844387
2023-05-07,74876,1,1,34.0,25.3,71,0.0,10,0,0,0,72779.28571428571,76392.0,0.49999999999999994,-0.8660254037844387
2023-05-08,65904,0,1,34.5,24.5,70,0.0,11,0,0,0,71678.42857142857,74876.0,0.49999999999999994,-0.8660254037844387
2023-05-09,65237,0,1,35.8,24.8,70,0.0,12,0,0,0,69495.71428571429,65904.0,0.49999999999999994,-0.8660254037844387
2023-05-10,61510,0,1,36.8,25.1,65,0.0,13,0,0,0,67988.28571428571,65237.0,0.49999999999999994,-0.8660254037844387
2023-05-11,67853,0,1,37.4,24.6,59,0.0,12,0,0,0,66925.0,61510.0,0.49999999999999994,-0.8660254037844387
2023-05-12,71763,0,1,39.1,25.4,53,0.0,13,0,0,0,67374.42857142857,67853.0,0.49999999999999994,-0.8660254037844387
2023-05-13,87007,1,1,39.5,26.7,48,0.0,11,0,0,0,69076.42857142857,71763.0,0.49999999999999994,-0.8660254037844387
2023-05-14,87022,1,1,40.9,28.5,46,0.0,12,0,0,0,70592.85714285714,87007.0,0.49999999999999994,-0.8660254037844387
2023-05-15,70366,0,1,40.8,28.5,39,0.0,14,0,0,0,72328.0,87022.0,0.49999999999999994,-0.8660254037844387
2023-05-16,77436,0,1,40.6,26.2,41,0.0,16,0,0,0,72965.42857142857,70366.0,0.49999999999999994,-0.8660254037844387
2023-05-17,79207,0,1,41.2,27.0,44,0.0,16,0,0,0,74708.14285714286,77436.0,0.49999999999999994,-0.8660254037844387
2023-05-18,66820,0,1,40.5,27.4,54,0.0,13,0,0,0,77236.28571428571,79207.0,0.49999999999999994,-0.8660254037844387
2023-05-19,81833,0,1,40.6,27.3,50,0.0,13,0,0,0,77088.71428571429,66820.0,0.49999999999999994,-0.8660254037844387
2023-05-20,85297,1,1,40.3,27.9,48,0.0,15,0,0,0,78527.28571428571,81833.0,0.49999999999999994,-0.8660254037844387
2023-05-21,84539,1,1,38.0,28.0,60,1.4,14,0,0,0,78283.0,85297.0,0.49999999999999994,-0.8660254037844387
2023-05-22,78349,0,1,37.8,26.9,60,0.3,18,0,0,0,77928.28571428571,84539.0,0.49999999999999994,-0.8660254037844387
2023-05-23,75875,0,1,39.7,27.4,53,0.0,22,0,0,0,79068.71428571429,78349.0,0.49999999999999994,-0.8660254037844387
2023-05-24,74995,0,1,40.5,27.8,51,1.8,37,0,0,0,78845.71428571429,75875.0,0.49999999999999994,-0.8660254037844387
2023-05-25,74583,0,1,40.4,29.1,46,9.0,19,0,0,0,78244.0,74995.0,0.49999999999999994,-0.8660254037844387
2023-05-26,79486,0,1,40.6,29.5,48,0.3,21,0,0,0,79353.0,74583.0,0.49999999999999994,-0.8660254037844387
2023-05-27,88604,1,1,39.4,27.5,54,6.8,17,0,0,0,79017.71428571429,79486.0,0.49999999999999994,-0.8660254037844387
2023-05-28,78818,1,1,39.1,28.2,55,2.1,16,0,0,0,79490.14285714286,88604.0,0.49999999999999994,-0.8660254037844387
2023-05-29,78126,0,1,39.3,26.9,47,0.2,14,0,0,0,78672.85714285714,78818.0,0.49999999999999994,-0.8660254037844387
2023-05-30,75871,0,1,36.5,26.9,67,0.6,15,0,0,0,78641.0,78126.0,0.49999999999999994,-0.8660254037844387
2023-05-31,80284,0,1,37.4,25.0,63,0.0,15,0,0,0,78640.42857142857,75871.0,0.49999999999999994,-0.8660254037844387
2023-06-01,62407,0,1,39.1,26.8,54,0.1,15,0,1,0,79396.0,80284.0,1.2246467991473532e-16,-1.0
2023-06-02,76963,0,1,40.3,28.7,46,0.0,16,0,0,0,77656.57142857143,62407.0,1.2246467991473532e-16,-1.0
2023-06-03,85366,1,1,41.6,27.7,46,0.0,16,0,0,0,77296.14285714286,76963.0,1.2246467991473532e-16,-1.0
2023-06-04,87434,1,1,39.0,28.7,45,0.0,18,0,0,0,76833.57142857143,85366.0,1.2246467991473532e-16,-1.0
2023-06-05,79974,0,1,39.6,28.1,54,0.1,15,0,0,0,78064.42857142857,87434.0,1.2246467991473532e-16,-1.0
2023-06-06,78030,0,1,40.2,27.7,46,0.1,16,0,0,0,78328.42857142857,79974.0,1.2246467991473532e-16,-1.0
2023-06-07,75229,0,1,37.4,28.2,52,4.5,15,0,0,0,78636.85714285714,78030.0,1.2246467991473532e-16,-1.0
2023-06-08,70160,0,1,40.7,29.5,44,0.4,16,0,0,0,77914.71428571429,75229.0,1.2246467991473532e-16,-1.0
2023-06-09,74502,0,1,40.9,28.1,54,6.7,16,0,0,0,79022.28571428571,70160.0,1.2246467991473532e-16,-1.0
2023-06-10,88626,1,1,39.5,28.0,58,2.5,16,0,0,0,78670.71428571429,74502.0,1.2246467991473532e-16,-1.0
2023-06-11,92238,1,1,38.7,26.3,58,3.3,17,0,0,0,79136.42857142857,88626.0,1.2246467991473532e-16,-1.0
2023-06-12,79087,0,1,38.3,26.3,57,0.2,18,0,0,0,79822.71428571429,92238.0,1.2246467991473532e-16,-1.0
2023-06-13,75227,0,1,38.4,27.7,54,4.5,17,0,0,0,79696.0,79087.0,1.2246467991473532e-16,-1.0
2023-06-14,78487,0,1,39.2,28.8,46,0.0,16,0,0,0,79295.57142857143,75227.0,1.2246467991473532e-16,-1.0
2023-06-15,75393,0,1,39.5,29.3,44,0.0,15,0,0,0,79761.0,78487.0,1.2246467991473532e-16,-1.0
2023-06-16,72299,0,1,39.6,28.0,43,0.0,15,0,0,0,80508.57142857143,75393.0,1.2246467991473532e-16,-1.0
2023-06-17,87762,1,1,39.5,28.3,48,2.0,17,0,0,0,80193.85714285714,72299.0,1.2246467991473532e-16,-1.0
2023-06-18,86181,1,1,35.2,27.6,59,1.4,18,0,0,0,80070.42857142857,87762.0,1.2246467991473532e-16,-1.0
2023-06-19,69879,0,1,35.0,25.8,72,6.8,21,0,0,0,79205.14285714286,86181.0,1.2246467991473532e-16,-1.0
2023-06-20,71935,0,1,36.5,26.1,71,10.6,16,0,0,0,77889.71428571429,69879.0,1.2246467991473532e-16,-1.0
2023-06-21,77120,0,1,35.5,25.6,73,0.6,18,0,0,0,77419.42857142857,71935.0,1.2246467991473532e-16,-1.0
2023-06-22,67294,0,1,34.8,25.6,73,7.1,21,0,0,0,77224.14285714286,77120.0,1.2246467991473532e-16,-1.0
2023-06-23,72304,0,1,35.7,26.2,65,0.0,21,0,0,0,76067.14285714286,67294.0,1.2246467991473532e-16,-1.0
2023-06-24,83889,1,1,34.2,26.7,65,0.8,34,0,0,0,76067.85714285714,72304.0,1.2246467991473532e-16,-1.0
2023-06-25,87407,1,1,35.4,26.4,59,0.0,20,0,0,0,75514.57142857143,83889.0,1.2246467991473532e-16,-1.0
2023-06-26,73156,0,1,36.1,27.1,58,0.1,23,0,0,0,75689.71428571429,87407.0,1.2246467991473532e-16,-1.0
2023-06-27,69143,0,1,36.3,27.4,54,0.0,16,0,0,0,76157.85714285714,73156.0,1.2246467991473532e-16,-1.0
2023-06-28,71615,0,1,36.0,26.9,59,0.9,18,0,0,0,75759.0,69143.0,1.2246467991473532e-16,-1.0
2023-06-29,62005,0,1,36.3,26.4,62,1.4,18,1,0,0,74972.57142857143,71615.0,1.2246467991473532e-16,-1.0
2023-06-30,73572,0,1,36.6,26.6,57,0.1,17,0,0,0,74217.0,62005.0,1.2246467991473532e-16,-1.0
2023-07-01,82999,1,1,35.4,27.4,62,0.3,18,0,0,0,74398.14285714286,73572.0,-0.4999999999999998,-0.8660254037844388
2023-07-02,87967,1,1,34.8,27.1,65,0.2,17,0,0,0,74271.0,82999.0,-0.4999999999999998,-0.8660254037844388
2023-07-03,66077,0,1,34.4,26.3,67,0.3,17,0,0,0,74351.0,87967.0,-0.4999999999999998,-0.8660254037844388
2023-07-04,76254,0,1,33.2,25.7,75,7.9,16,0,0,0,73339.71428571429,66077.0,-0.4999999999999998,-0.8660254037844388
2023-07-05,77299,0,1,33.0,25.1,74,3.9,15,0,0,0,74355.57142857143,76254.0,-0.4999999999999998,-0.8660254037844388
2023-07-06,66977,0,1,31.5,26.3,68,0.9,17,0,0,0,75167.57142857143,77299.0,-0.4999999999999998,-0.8660254037844388
2023-07-07,69483,0,1,34.7,25.7,70,7.2,15,0,0,0,75877.85714285714,66977.0,-0.4999999999999998,-0.8660254037844388
2023-07-08,86781,1,1,34.3,26.1,72,4.4,19,0,0,0,75293.71428571429,69483.0,-0.4999999999999998,-0.8660254037844388
2023-07-09,88836,1,1,34.8,25.3,70,2.7,20,0,0,0,75834.0,86781.0,-0.4999999999999998,-0.8660254037844388
2023-07-10,64347,0,1,30.8,26.1,79,5.3,17,0,0,0,75958.14285714286,88836.0,-0.4999999999999998,-0.8660254037844388
2023-07-11,67271,0,1,32.8,25.1,74,4.9,17,0,0,0,75711.0,64347.0,-0.4999999999999998,-0.8660254037844388
2023-07-12,72664,0,1,33.6,25.1,77,3.8,15,0,0,0,74427.71428571429,67271.0,-0.4999999999999998,-0.8660254037844388
2023-07-13,67300,0,1,34.7,24.9,73,1.0,17,0,0,0,73765.57142857143,72664.0,-0.4999999999999998,-0.8660254037844388
2023-07-14,71472,0,1,34.5,25.9,62,1.0,18,0,0,0,73811.71428571429,67300.0,-0.4999999999999998,-0.8660254037844388
2023-07-15,87171,1,1,35.8,26.7,56,0.2,17,0,0,0,74095.85714285714,71472.0,-0.4999999999999998,-0.8660254037844388
2023-07-16,86170,1,1,35.4,27.4,57,0.0,20,0,0,0,74151.57142857143,87171.0,-0.4999999999999998,-0.8660254037844388
2023-07-17,71894,0,1,36.6,27.6,52,0.1,18,0,0,0,73770.71428571429,86170.0,-0.4999999999999998,-0.8660254037844388
2023-07-18,64003,0,1,36.6,28.0,51,0.1,18,0,0,0,74848.85714285714,71894.0,-0.4999999999999998,-0.8660254037844388
2023-07-19,74024,0,1,33.5,27.9,54,0.2,19,0,0,0,74382.0,64003.0,-0.4999999999999998,-0.8660254037844388
2023-07-20,63628,0,1,34.0,28.1,54,0.5,19,0,0,0,74576.28571428571,74024.0,-0.4999999999999998,-0.8660254037844388
2023-07-21,71721,0,1,35.2,27.0,54,0.9,23,0,0,0,74051.71428571429,63628.0,-0.4999999999999998,-0.8660254037844388
2023-07-22,84430,1,1,33.1,25.7,65,4.4,19,0,0,0,74087.28571428571,71721.0,-0.4999999999999998,-0.8660254037844388
2023-07-23,87792,1,1,32.6,25.5,70,5.0,20,0,0,0,73695.71428571429,84430.0,-0.4999999999999998,-0.8660254037844388
2023-07-24,73796,0,1,30.1,24.7,77,18.2,28,0,0,0,73927.42857142857,87792.0,-0.4999999999999998,-0.8660254037844388
2023-07-25,73137,0,1,26.8,24.2,85,34.6,47,0,0,0,74199.14285714286,73796.0,-0.4999999999999998,-0.8660254037844388
2023-07-26,74268,0,1,28.5,24.6,81,11.5,21,0,0,0,75504.0,73137.0,-0.4999999999999998,-0.8660254037844388
2023-07-27,63932,0,1,32.6,24.9,66,0.8,16,0,0,0,75538.85714285714,74268.0,-0.4999999999999998,-0.8660254037844388
2023-07-28,69378,0,1,34.3,25.8,60,0.2,15,0,0,0,75582.28571428571,63932.0,-0.4999999999999998,-0.8660254037844388
2023-07-29,78115,1,1,34.8,26.3,59,0.0,17,1,0,0,75247.57142857143,69378.0,-0.4999999999999998,-0.8660254037844388
2023-07-30,85258,1,1,34.8,27.0,58,0.0,18,0,0,0,74345.42857142857,78115.0,-0.4999999999999998,-0.8660254037844388
2023-07-31,68601,0,1,34.8,26.9,61,0.1,19,0,0,0,73983.42857142857,85258.0,-0.4999999999999998,-0.8660254037844388
2023-08-01,67728,0,0,35.2,27.1,56,0.6,16,0,0,0,73241.28571428571,68601.0,-0.8660254037844384,-0.5000000000000004
2023-08-02,69365,0,0,36.1,26.9,49,0.0,15,0,0,0,72468.57142857143,67728.0,-0.8660254037844384,-0.5000000000000004
2023-08-03,59898,0,0,36.9,27.0,50,0.5,19,0,0,0,71768.14285714286,69365.0,-0.8660254037844384,-0.5000000000000004
2023-08-04,69270,0,0,36.7,26.7,50,0.8,15,0,0,0,71191.85714285714,59898.0,-0.8660254037844384,-0.5000000000000004
2023-08-05,81472,1,0,37.1,27.7,50,0.4,16,0,0,0,71176.42857142857,69270.0,-0.8660254037844384,-0.5000000000000004
2023-08-06,83856,1,0,38.2,25.4,57,1.0,14,0,0,0,71656.0,81472.0,-0.8660254037844384,-0.5000000000000004
2023-08-07,69733,0,0,38.1,26.9,50,0.1,29,0,0,0,71455.71428571429,83856.0,-0.8660254037844384,-0.5000000000000004
2023-08-08,73879,0,0,37.8,26.7,49,0.2,30,0,0,0,71617.42857142857,69733.0,-0.8660254037844384,-0.5000000000000004
2023-08-09,75594,0,0,37.7,26.6,59,1.3,31,0,0,0,72496.14285714286,73879.0,-0.8660254037844384,-0.5000000000000004
2023-08-10,57443,0,0,36.7,24.7,66,3.6,34,0,0,0,73386.0,75594.0,-0.8660254037844384,-0.5000000000000004
2023-08-11,72158,0,0,34.5,25.9,73,20.3,31,0,0,0,73035.28571428571,57443.0,-0.8660254037844384,-0.5000000000000004
2023-08-12,82265,1,0,36.4,24.8,72,18.1,30,0,0,0,73447.85714285714,72158.0,-0.8660254037844384,-0.5000000000000004
2023-08-13,84401,1,0,35.7,24.6,66,0.3,31,0,0,0,73561.14285714286,82265.0,-0.8660254037844384,-0.5000000000000004
2023-08-14,74617,0,0,35.7,25.6,72,0.9,27,0,0,0,73639.0,84401.0,-0.8660254037844384,-0.5000000000000004
2023-08-15,78726,0,0,35.4,25.1,63,0.1,31,1,0,0,74336.71428571429,74617.0,-0.8660254037844384,-0.5000000000000004
2023-08-16,75776,0,0,36.4,25.5,57,0.0,27,0,0,0,75029.14285714286,78726.0,-0.8660254037844384,-0.5000000000000004
2023-08-17,64695,0,0,37.4,25.8,57,1.0,26,0,0,0,75055.14285714286,75776.0,-0.8660254037844384,-0.5000000000000004
2023-08-18,61904,0,0,36.0,26.1,55,0.0,27,0,0,0,76091.14285714286,64695.0,-0.8660254037844384,-0.5000000000000004
2023-08-19,79242,1,0,37.4,27.4,55,1.2,29,0,0,0,74626.28571428571,61904.0,-0.8660254037844384,-0.5000000000000004
2023-08-20,79444,1,0,37.5,26.5,51,0.8,29,0,0,0,74194.42857142857,79242.0,-0.8660254037844384,-0.5000000000000004
2023-08-21,69909,0,0,37.4,26.4,56,0.7,34,0,0,0,73486.28571428571,79444.0,-0.8660254037844384,-0.5000000000000004
2023-08-22,72695,0,0,36.8,26.6,65,1.4,35,0,0,0,72813.71428571429,69909.0,-0.8660254037844384,-0.5000000000000004
2023-08-23,71122,0,0,37.7,26.1,55,1.1,34,0,0,0,71952.14285714286,72695.0,-0.8660254037844384,-0.5000000000000004
2023-08-24,67308,0,0,38.1,26.5,53,0.2,58,0,0,0,71287.28571428571,71122.0,-0.8660254037844384,-0.5000000000000004
2023-08-25,69529,0,0,37.9,25.7,53,0.4,34,0,1,0,71660.57142857143,67308.0,-0.8660254037844384,-0.5000000000000004
2023-08-26,71073,1,0,37.7,25.4,63,7.2,31,0,0,0,72749.85714285714,69529.0,-0.8660254037844384,-0.5000000000000004
2023-08-27,79152,1,0,36.7,25.6,65,4.9,27,0,0,0,71582.85714285714,71073.0,-0.8660254037844384,-0.5000000000000004
2023-08-28,68263,0,0,37.6,26.2,57,0.5,21,0,0,0,71541.14285714286,79152.0,-0.8660254037844384,-0.5000000000000004
2023-08-29,64214,0,0,36.1,25.7,59,5.8,23,0,0,0,71306.0,68263.0,-0.8660254037844384,-0.5000000000000004
2023-08-30,71132,0,0,34.1,24.7,73,19.3,22,0,1,0,70094.42857142857,64214.0,-0.8660254037844384,-0.5000000000000004
2023-08-31,59808,0,0,35.4,24.0,73,13.2,27,0,0,0,70095.85714285714,71132.0,-0.8660254037844384,-0.5000000000000004
2023-09-01,67193,0,0,35.5,25.1,71,17.0,26,0,0,0,69024.42857142857,59808.0,-1.0,-1.8369701987210297e-16
2023-09-02,81655,1,0,36.7,25.1,71,27.4,21,0,0,0,68690.71428571429,67193.0,-1.0,-1.8369701987210297e-16
2023-09-03,81459,1,0,33.3,25.1,72,5.9,26,0,0,0,70202.42857142857,81655.0,-1.0,-1.8369701987210297e-16
2023-09-04,76555,0,0,30.9,24.9,73,5.3,23,0,0,0,70532.0,81459.0,-1.0,-1.8369701987210297e-16
2023-09-05,71946,0,0,30.3,24.8,74,4.2,26,0,0,0,71716.57142857143,76555.0,-1.0,-1.8369701987210297e-16
2023-09-06,75804,0,0,33.4,25.5,67,0.0,25,0,1,0,72821.14285714286,71946.0,-1.0,-1.8369701987210297e-16
2023-09-07,58855,0,0,34.7,25.9,62,0.2,26,1,0,0,73488.57142857143,75804.0,-1.0,-1.8369701987210297e-16
2023-09-08,68021,0,0,35.1,25.8,64,0.0,29,0,0,0,73352.42857142857,58855.0,-1.0,-1.8369701987210297e-16
2023-09-09,78557,1,0,36.0,26.2,63,0.9,27,0,0,0,73470.71428571429,68021.0,-1.0,-1.8369701987210297e-16
2023-09-10,84449,1,0,34.5,26.0,67,0.1,24,0,0,0,73028.14285714286,78557.0,-1.0,-1.8369701987210297e-16
2023-09-11,66199,0,0,33.7,26.1,65,0.0,21,0,0,0,73455.28571428571,84449.0,-1.0,-1.8369701987210297e-16
2023-09-12,70055,0,0,33.5,26.7,61,0.3,24,0,0,0,71975.85714285714,66199.0,-1.0,-1.8369701987210297e-16
2023-09-13,75059,0,0,35.9,25.7,58,0.8,26,0,0,0,71705.71428571429,70055.0,-1.0,-1.8369701987210297e-16
2023-09-14,61926,0,0,36.0,26.0,57,0.3,25,0,0,0,71599.28571428571,75059.0,-1.0,-1.8369701987210297e-16
2023-09-15,62357,0,0,35.1,25.1,70,0.5,23,0,0,1,72038.0,61926.0,-1.0,-1.8369701987210297e-16
2023-09-16,66590,1,0,35.5,25.2,78,8.3,27,0,0,1,71228.85714285714,62357.0,-1.0,-1.8369701987210297e-16
2023-09-17,77441,1,0,34.6,23.7,77,18.5,21,0,0,1,69519.28571428571,66590.0,-1.0,-1.8369701987210297e-16
2023-09-18,62745,0,0,35.2,25.1,73,5.5,24,0,1,1,68518.14285714286,77441.0,-1.0,-1.8369701987210297e-16
2023-09-19,67267,0,0,33.9,24.7,68,0.6,26,0,0,1,68024.71428571429,62745.0,-1.0,-1.8369701987210297e-16
2023-09-20,64277,0,0,34.1,24.4,69,0.1,28,0,0,1,67626.42857142857,67267.0,-1.0,-1.8369701987210297e-16
2023-09-21,66462,0,0,33.3,25.6,75,1.5,38,0,0,1,66086.14285714286,64277.0,-1.0,-1.8369701987210297e-16
2023-09-22,72650,0,0,33.5,24.1,79,20.7,29,0,0,1,66734.14285714286,66462.0,-1.0,-1.8369701987210297e-16
2023-09-23,74884,1,0,33.0,24.3,81,16.0,34,0,0,1,68204.57142857143,72650.0,-1.0,-1.8369701987210297e-16
2023-09-24,66598,1,0,34.3,24.2,77,21.5,35,0,0,0,69389.42857142857,74884.0,-1.0,-1.8369701987210297e-16
2023-09-25,72137,0,0,34.0,24.1,75,0.4,60,0,0,0,67840.42857142857,66598.0,-1.0,-1.8369701987210297e-16
2023-09-26,55747,0,0,33.0,24.2,82,10.8,38,0,0,0,69182.14285714286,72137.0,-1.0,-1.8369701987210297e-16
2023-09-27,66336,0,0,33.1,24.0,81,7.6,27,0,0,0,67536.42857142857,55747.0,-1.0,-1.8369701987210297e-16
2023-09-28,54620,0,0,33.0,24.5,79,32.7,32,1,0,0,67830.57142857143,66336.0,-1.0,-1.8369701987210297e-16
2023-09-29,66233,0,0,32.6,24.5,83,20.0,32,0,0,0,66138.85714285714,54620.0,-1.0,-1.8369701987210297e-16
2023-09-30,87081,1,0,32.2,24.3,81,7.0,37,0,0,0,65222.142857142855,66233.0,-1.0,-1.8369701987210297e-16
2023-10-01,88623,1,0,32.9,24.4,75,0.3,35,0,0,0,66964.57142857143,87081.0,-0.8660254037844386,0.5000000000000001
2023-10-02,80551,0,0,34.4,24.4,68,0.0,32,1,0,0,70111.0,88623.0,-0.8660254037844386,0.5000000000000001
2023-10-03,79365,0,0,34.2,25.3,64,0.2,32,0,0,0,71313.0,80551.0,-0.8660254037844386,0.5000000000000001
2023-10-04,76526,0,0,34.1,23.5,72,0.4,27,0,0,0,74687.0,79365.0,-0.8660254037844386,0.5000000000000001
2023-10-05,68558,0,0,33.9,24.4,73,0.2,30,0,0,0,76142.71428571429,76526.0,-0.8660254037844386,0.5000000000000001
2023-10-06,72104,0,0,35.7,25.0,69,0.0,27,0,0,0,78133.85714285714,68558.0,-0.8660254037844386,0.5000000000000001
2023-10-07,72309,1,0,35.3,24.7,67,0.2,26,0,0,0,78972.57142857143,72104.0,-0.8660254037844386,0.5000000000000001
2023-10-08,70515,1,0,34.1,24.9,73,4.8,24,0,0,0,76862.28571428571,72309.0,-0.8660254037844386,0.5000000000000001
2023-10-09,68828,0,0,34.2,24.5,79,5.7,27,0,0,0,74275.42857142857,70515.0,-0.8660254037844386,0.5000000000000001
2023-10-10,71361,0,0,34.5,24.5,76,0.4,24,0,0,0,72600.71428571429,68828.0,-0.8660254037844386,0.5000000000000001
2023-10-11,72230,0,0,33.9,23.7,72,1.9,21,0,0,0,71457.28571428571,71361.0,-0.8660254037844386,0.5000000000000001
2023-10-12,65937,0,0,34.5,23.4,64,0.0,25,0,0,0,70843.57142857143,72230.0,-0.8660254037844386,0.5000000000000001
2023-10-13,59304,0,0,32.3,21.5,70,0.1,25,0,0,0,70469.14285714286,65937.0,-0.8660254037844386,0.5000000000000001
2023-10-14,67785,1,0,31.7,23.5,80,5.0,18,0,0,0,68640.57142857143,59304.0,-0.8660254037844386,0.5000000000000001
2023-10-15,60659,1,0,32.2,24.0,78,10.5,25,0,1,0,67994.28571428571,67785.0,-0.8660254037844386,0.5000000000000001
2023-10-16,73859,0,0,32.4,24.5,74,0.5,23,0,1,0,66586.28571428571,60659.0,-0.8660254037844386,0.5000000000000001
2023-10-17,72123,0,0,34.3,23.8,62,0.5,23,0,1,0,67305.0,73859.0,-0.8660254037844386,0.5000000000000001
2023-10-18,68763,0,0,35.2,23.1,58,0.2,27,0,1,0,67413.85714285714,72123.0,-0.8660254037844386,0.5000000000000001
2023-10-19,66757,0,0,33.5,22.8,63,0.9,18,0,1,0,66918.57142857143,68763.0,-0.8660254037844386,0.5000000000000001
2023-10-20,69821,0,0,35.0,22.9,66,0.0,23,0,1,0,67035.71428571429,66757.0,-0.8660254037844386,0.5000000000000001
2023-10-21,65422,1,0,34.0,23.1,71,2.2,30,0,1,0,68538.14285714286,69821.0,-0.8660254037844386,0.5000000000000001
2023-10-22,77187,1,0,36.2,22.7,61,0.0,26,0,1,0,68200.57142857143,65422.0,-0.8660254037844386,0.5000000000000001
2023-10-23,79693,0,0,36.1,22.2,43,0.0,28,0,1,0,70561.71428571429,77187.0,-0.8660254037844386,0.5000000000000001
2023-10-24,71037,0,0,35.7,21.4,42,0.0,51,1,1,0,71395.14285714286,79693.0,-0.8660254037844386,0.5000000000000001
2023-10-25,65422,0,0,35.7,21.7,50,0.0,29,0,0,0,71240.0,71037.0,-0.8660254037844386,0.5000000000000001
2023-10-26,62055,0,0,34.5,22.0,58,0.0,24,0,0,0,70762.71428571429,65422.0,-0.8660254037844386,0.5000000000000001
2023-10-27,63404,0,0,33.8,22.2,66,3.4,29,0,0,0,70091.0,62055.0,-0.8660254037844386,0.5000000000000001
2023-10-28,47351,1,0,33.2,23.6,75,1.2,25,0,0,0,69174.28571428571,63404.0,-0.8660254037844386,0.5000000000000001
2023-10-29,85497,1,0,32.0,24.1,76,2.7,20,0,0,0,66592.71428571429,47351.0,-0.8660254037844386,0.5000000000000001
2023-10-30,69654,0,0,30.2,23.0,85,9.4,27,0,0,0,67779.85714285714,85497.0,-0.8660254037844386,0.5000000000000001
2023-10-31,62269,0,0,32.1,23.0,78,1.0,21,0,0,0,66345.71428571429,69654.0,-0.8660254037844386,0.5000000000000001
2023-11-01,63710,0,0,32.8,22.9,81,6.2,23,0,0,0,65093.142857142855,62269.0,-0.5000000000000004,0.8660254037844384
2023-11-02,59335,0,0,30.3,23.7,83,4.2,18,0,0,0,64848.57142857143,63710.0,-0.5000000000000004,0.8660254037844384
2023-11-03,66048,0,0,31.2,24.1,83,4.4,22,0,0,0,64460.0,59335.0,-0.5000000000000004,0.8660254037844384
2023-11-04,70250,1,0,29.3,23.5,88,12.9,21,0,0,0,64837.71428571428,66048.0,-0.5000000000000004,0.8660254037844384
2023-11-05,78389,1,0,30.4,23.2,88,38.0,17,0,0,0,68109.0,70250.0,-0.5000000000000004,0.8660254037844384
2023-11-06,66312,0,0,29.9,23.2,87,8.2,17,0,0,0,67093.57142857143,78389.0,-0.5000000000000004,0.8660254037844384
2023-11-07,61640,0,0,29.9,23.4,89,13.3,17,0,0,0,66616.14285714286,66312.0,-0.5000000000000004,0.8660254037844384
2023-11-08,58157,0,0,30.0,23.5,89,12.4,14,0,0,0,66526.28571428571,61640.0,-0.5000000000000004,0.8660254037844384
2023-11-09,56723,0,0,29.0,22.5,87,9.5,16,0,0,0,65733.0,58157.0,-0.5000000000000004,0.8660254037844384
2023-11-10,56978,0,0,30.9,22.8,79,0.3,36,0,0,0,65359.857142857145,56723.0,-0.5000000000000004,0.8660254037844384
2023-11-11,71490,1,0,30.3,20.6,79,0.0,17,0,0,0,64064.142857142855,56978.0,-0.5000000000000004,0.8660254037844384
2023-11-12,74807,1,0,30.1,21.3,79,0.1,12,1,1,0,64241.28571428572,71490.0,-0.5000000000000004,0.8660254037844384
2023-11-13,70902,0,0,30.4,20.8,78,0.2,22,0,0,0,63729.57142857143,74807.0,-0.5000000000000004,0.8660254037844384
2023-11-14,69041,0,0,28.5,23.8,83,6.7,21,0,0,0,64385.28571428572,70902.0,-0.5000000000000004,0.8660254037844384
2023-11-15,71123,0,0,27.3,22.9,86,2.4,15,0,0,0,65442.57142857143,69041.0,-0.5000000000000004,0.8660254037844384
2023-11-16,62494,0,0,30.6,21.6,79,0.0,19,0,0,0,67294.85714285714,71123.0,-0.5000000000000004,0.8660254037844384
2023-11-17,67140,0,0,30.2,20.7,81,1.0,22,0,0,0,68119.28571428571,62494.0,-0.5000000000000004,0.8660254037844384
2023-11-18,70686,1,0,30.8,20.9,82,0.0,26,0,0,0,69571.0,67140.0,-0.5000000000000004,0.8660254037844384
2023-11-19,79800,1,0,30.6,21.8,80,0.3,13,0,0,0,69456.14285714286,70686.0,-0.5000000000000004,0.8660254037844384
2023-11-20,67198,0,0,28.0,21.2,84,1.8,27,0,0,0,70169.42857142857,79800.0,-0.5000000000000004,0.8660254037844384
2023-11-21,69981,0,0,27.7,23.4,91,32.7,29,0,0,0,69640.28571428571,67198.0,-0.5000000000000004,0.8660254037844384
2023-11-22,65891,0,0,28.8,23.3,91,7.4,25,0,0,0,69774.57142857143,69981.0,-0.5000000000000004,0.8660254037844384
2023-11-23,45503,0,0,28.6,22.6,91,20.8,23,0,0,0,69027.14285714286,65891.0,-0.5000000000000004,0.8660254037844384
2023-11-24,74843,0,0,28.3,22.6,90,21.8,43,0,0,0,66599.85714285714,45503.0,-0.5000000000000004,0.8660254037844384
2023-11-25,68179,1,0,28.2,22.7,89,2.5,28,0,0,0,67700.28571428571,74843.0,-0.5000000000000004,0.8660254037844384
2023-11-26,70350,1,0,29.1,22.2,84,1.4,25,0,0,0,67342.14285714286,68179.0,-0.5000000000000004,0.8660254037844384
2023-11-27,58176,0,0,27.2,22.6,90,6.4,25,1,0,0,65992.14285714286,70350.0,-0.5000000000000004,0.8660254037844384
2023-11-28,58874,0,0,28.7,21.8,87,12.6,22,0,0,0,64703.28571428572,58176.0,-0.5000000000000004,0.8660254037844384
2023-11-29,61403,0,0,27.4,21.9,90,29.4,22,0,0,0,63116.57142857143,58874.0,-0.5000000000000004,0.8660254037844384
2023-11-30,58278,0,0,27.4,22.0,90,12.6,21,0,0,0,62475.42857142857,61403.0,-0.5000000000000004,0.8660254037844384
2023-12-01,56950,0,0,28.0,22.5,88,5.9,19,0,0,0,64300.42857142857,58278.0,-2.4492935982947064e-16,1.0
2023-12-02,66162,1,0,26.4,22.2,90,6.3,22,0,0,0,61744.28571428572,56950.0,-2.4492935982947064e-16,1.0
2023-12-03,70349,1,0,25.8,22.8,91,23.7,17,0,0,0,61456.142857142855,66162.0,-2.4492935982947064e-16,1.0
2023-12-04,55909,0,0,24.5,23.6,87,94.0,17,0,0,0,61456.0,70349.0,-2.4492935982947064e-16,1.0
2023-12-05,44547,0,0,28.9,22.2,82,31.7,18,0,0,0,61132.142857142855,55909.0,-2.4492935982947064e-16,1.0
2023-12-06,45275,0,0,30.6,20.3,83,0.0,18,0,0,0,59085.42857142857,44547.0,-2.4492935982947064e-16,1.0
2023-12-07,56344,0,0,29.3,22.1,88,1.8,22,0,0,0,56781.42857142857,45275.0,-2.4492935982947064e-16,1.0
2023-12-08,54523,0,0,28.7,22.8,89,3.9,19,0,0,0,56505.142857142855,56344.0,-2.4492935982947064e-16,1.0
2023-12-09,68769,1,0,28.4,21.9,84,0.3,20,0,0,0,56158.42857142857,54523.0,-2.4492935982947064e-16,1.0
2023-12-10,73091,1,0,27.7,21.1,85,0.2,19,0,0,0,56530.857142857145,68769.0,-2.4492935982947064e-16,1.0
2023-12-11,64882,0,0,28.0,21.4,83,0.5,22,0,0,0,56922.57142857143,73091.0,-2.4492935982947064e-16,1.0
2023-12-12,63021,0,0,28.0,19.6,81,0.0,19,0,0,0,58204.42857142857,64882.0,-2.4492935982947064e-16,1.0
2023-12-13,60928,0,0,27.5,17.6,82,0.0,20,0,0,0,60843.57142857143,63021.0,-2.4492935982947064e-16,1.0
2023-12-14,56049,0,0,26.9,18.6,80,0.5,22,0,0,0,63079.71428571428,60928.0,-2.4492935982947064e-16,1.0
2023-12-15,71037,0,0,26.4,20.2,89,9.4,25,0,0,0,63037.57142857143,56049.0,-2.4492935982947064e-16,1.0
2023-12-16,59734,1,0,26.8,22.8,90,6.9,22,0,0,0,65396.71428571428,71037.0,-2.4492935982947064e-16,1.0
2023-12-17,74845,1,0,27.2,22.3,88,5.1,25,0,0,0,64106.0,59734.0,-2.4492935982947064e-16,1.0
2023-12-18,61499,0,0,27.3,21.3,85,1.2,23,0,0,0,64356.57142857143,74845.0,-2.4492935982947064e-16,1.0
2023-12-19,64040,0,0,27.4,19.9,81,0.0,24,0,0,0,63873.28571428572,61499.0,-2.4492935982947064e-16,1.0
2023-12-20,67043,0,0,27.5,19.6,83,0.3,25,0,0,0,64018.857142857145,64040.0,-2.4492935982947064e-16,1.0
2023-12-21,59868,0,0,27.1,18.8,84,0.0,23,0,0,0,64892.42857142857,67043.0,-2.4492935982947064e-16,1.0
2023-12-22,40638,0,0,27.3,18.6,82,0.1,25,0,0,0,65438.0,59868.0,-2.4492935982947064e-16,1.0
2023-12-23,67906,1,0,26.8,17.4,82,0.0,35,0,0,0,61095.28571428572,40638.0,-2.4492935982947064e-16,1.0
2023-12-24,63519,1,0,27.0,16.9,84,0.1,34,0,0,0,62262.71428571428,67906.0,-2.4492935982947064e-16,1.0
2023-12-25,69294,0,0,28.2,19.5,84,0.1,52,1,0,0,60644.71428571428,63519.0,-2.4492935982947064e-16,1.0
2023-12-26,71488,0,0,27.7,18.1,83,0.0,27,0,0,0,61758.28571428572,69294.0,-2.4492935982947064e-16,1.0
2023-12-27,65361,0,0,28.0,17.6,81,0.0,22,0,0,0,62822.28571428572,71488.0,-2.4492935982947064e-16,1.0
2023-12-28,58415,0,0,28.5,18.5,82,0.1,19,0,0,0,62582.0,65361.0,-2.4492935982947064e-16,1.0
2023-12-29,56200,0,0,27.6,19.3,85,0.2,24,0,0,0,62374.42857142857,58415.0,-2.4492935982947064e-16,1.0
2023-12-30,63728,1,0,28.4,19.9,82,0.1,21,0,0,0,64597.57142857143,56200.0,-2.4492935982947064e-16,1.0
2023-12-31,64665,1,0,28.0,18.3,80,0.0,17,0,0,0,64000.71428571428,63728.0,-2.4492935982947064e-16,1.0
2024-01-01,63358,0,0,28.3,18.0,80,0.0,27,0,0,0,64164.42857142857,64665.0,0.49999999999999994,0.8660254037844387
2024-01-02,73712,0,0,27.1,19.0,78,0.0,24,0,0,0,63316.42857142857,63358.0,0.49999999999999994,0.8660254037844387
2024-01-03,65514,0,0,27.6,19.2,79,0.1,21,0,0,0,63634.142857142855,73712.0,0.49999999999999994,0.8660254037844387
2024-01-04,59522,0,0,27.1,20.9,83,1.1,19,0,0,0,63656.0,65514.0,0.49999999999999994,0.8660254037844387
2024-01-05,57441,0,0,28.6,20.7,78,0.2,22,0,0,0,63814.142857142855,59522.0,0.49999999999999994,0.8660254037844387
2024-01-06,68793,1,0,28.3,21.3,80,0.6,23,0,0,0,63991.42857142857,57441.0,0.49999999999999994,0.8660254037844387
2024-01-07,76058,1,0,26.2,20.6,85,2.6,20,0,0,0,64715.0,68793.0,0.49999999999999994,0.8660254037844387
2024-01-08,61511,0,0,24.3,22.3,94,23.6,22,0,0,0,66342.57142857143,76058.0,0.49999999999999994,0.8660254037844387
2024-01-09,61511,0,0,28.2,21.2,83,0.1,23,0,0,0,66078.71428571429,61511.0,0.49999999999999994,0.8660254037844387
2024-01-10,62449,0,0,28.7,20.6,79,0.0,20,0,0,0,64335.71428571428,61511.0,0.49999999999999994,0.8660254037844387
2024-01-11,53055,0,0,28.8,20.0,81,0.1,19,0,0,0,63897.857142857145,62449.0,0.49999999999999994,0.8660254037844387
2024-01-12,56588,0,0,29.0,18.2,80,0.0,22,0,0,0,62974.0,53055.0,0.49999999999999994,0.8660254037844387
2024-01-13,65962,1,0,28.8,19.2,82,0.0,21,0,0,0,62852.142857142855,56588.0,0.49999999999999994,0.8660254037844387
2024-01-14,86107,1,0,29.8,20.4,76,0.0,21,0,1,0,62447.71428571428,65962.0,0.49999999999999994,0.8660254037844387
2024-01-15,80964,0,0,29.3,18.6,74,0.0,24,0,1,0,63883.28571428572,86107.0,0.49999999999999994,0.8660254037844387
2024-01-16,73016,0,0,29.4,18.2,75,0.0,19,0,1,0,66662.28571428571,80964.0,0.49999999999999994,0.8660254037844387
2024-01-17,72263,0,0,28.7,17.2,75,0.0,19,0,0,0,68305.85714285714,73016.0,0.49999999999999994,0.8660254037844387
2024-01-18,62649,0,0,29.2,18.0,76,0.0,28,0,0,0,69707.85714285714,72263.0,0.49999999999999994,0.8660254037844387
2024-01-19,69874,0,0,29.5,19.2,79,0.0,22,0,0,0,71078.42857142857,62649.0,0.49999999999999994,0.8660254037844387
2024-01-20,76041,1,0,29.8,19.9,77,0.0,22,0,0,0,72976.42857142857,69874.0,0.49999999999999994,0.8660254037844387
2024-01-21,76041,1,0,30.9,18.7,76,0.0,20,0,0,0,74416.28571428571,76041.0,0.49999999999999994,0.8660254037844387
2024-01-22,67568,0,0,30.4,18.9,77,0.0,28,0,0,0,72978.28571428571,76041.0,0.49999999999999994,0.8660254037844387
2024-01-23,63665,0,0,30.9,19.2,76,0.2,29,0,0,0,71064.57142857143,67568.0,0.49999999999999994,0.8660254037844387
2024-01-24,65991,0,0,30.8,19.5,74,0.0,51,0,0,0,69728.71428571429,63665.0,0.49999999999999994,0.8660254037844387
2024-01-25,54105,0,0,30.9,19.7,76,0.0,24,0,0,0,68832.71428571429,65991.0,0.49999999999999994,0.8660254037844387
2024-01-26,71664,0,0,29.8,19.3,76,0.0,20,1,0,0,67612.14285714286,54105.0,0.49999999999999994,0.8660254037844387
2024-01-27,76104,1,0,30.2,19.4,76,0.0,19,0,0,0,67867.85714285714,71664.0,0.49999999999999994,0.8660254037844387
2024-01-28,85142,1,0,29.6,19.3,79,0.1,17,0,0,0,67876.85714285714,76104.0,0.49999999999999994,0.8660254037844387
2024-01-29,71082,0,0,29.3,18.7,73,0.0,21,0,0,0,69177.0,85142.0,0.49999999999999994,0.8660254037844387
2024-01-30,61135,0,0,29.4,16.0,73,0.0,16,0,0,0,69679.0,71082.0,0.49999999999999994,0.8660254037844387
2024-01-31,64635,0,0,31.3,18.5,76,0.0,15,0,0,0,69317.57142857143,61135.0,0.49999999999999994,0.8660254037844387
2024-02-01,57223,0,0,31.1,21.3,78,0.4,17,0,0,0,69123.85714285714,64635.0,0.8660254037844386,0.5000000000000001
2024-02-02,58842,0,0,32.1,23.2,76,0.4,18,0,0,0,69569.28571428571,57223.0,0.8660254037844386,0.5000000000000001
2024-02-03,69232,1,0,31.9,21.8,74,0.0,23,0,0,0,67737.57142857143,58842.0,0.8660254037844386,0.5000000000000001
2024-02-04,70679,1,0,31.6,19.5,70,0.0,24,0,0,0,66755.85714285714,69232.0,0.8660254037844386,0.5000000000000001
2024-02-05,64512,0,0,30.9,19.5,70,0.0,24,0,0,0,64689.71428571428,70679.0,0.8660254037844386,0.5000000000000001
2024-02-06,65097,0,0,31.8,20.1,72,0.0,28,0,0,0,63751.142857142855,64512.0,0.8660254037844386,0.5000000000000001
2024-02-07,65683,0,0,33.0,18.8,60,0.0,24,0,0,0,64317.142857142855,65097.0,0.8660254037844386,0.5000000000000001
2024-02-08,57357,0,0,34.5,17.5,52,0.0,21,0,0,0,64466.857142857145,65683.0,0.8660254037844386,0.5000000000000001
2024-02-09,62593,0,0,32.8,18.6,71,0.0,30,0,0,0,64486.0,57357.0,0.8660254037844386,0.5000000000000001
2024-02-10,70158,1,0,32.2,20.8,74,0.0,25,0,0,0,65021.857142857145,62593.0,0.8660254037844386,0.5000000000000001
2024-02-11,72256,1,0,31.9,20.2,71,0.1,24,0,0,0,65154.142857142855,70158.0,0.8660254037844386,0.5000000000000001
2024-02-12,69314,0,0,31.6,18.3,74,0.0,33,0,0,0,65379.42857142857,72256.0,0.8660254037844386,0.5000000000000001
2024-02-13,68363,0,0,31.9,19.8,73,0.0,25,0,0,0,66065.42857142857,69314.0,0.8660254037844386,0.5000000000000001
2024-02-14,67275,0,0,31.9,20.8,71,0.3,24,0,0,0,66532.0,68363.0,0.8660254037844386,0.5000000000000001
2024-02-15,45825,0,0,32.3,20.3,68,0.0,26,0,0,0,66759.42857142857,67275.0,0.8660254037844386,0.5000000000000001
2024-02-16,77483,0,0,32.6,19.8,69,0.0,23,0,1,0,65112.0,45825.0,0.8660254037844386,0.5000000000000001
2024-02-17,71021,1,0,32.7,19.3,64,0.0,28,0,0,0,67239.14285714286,77483.0,0.8660254037844386,0.5000000000000001
2024-02-18,70338,1,0,34.1,19.0,53,0.0,28,0,0,0,67362.42857142857,71021.0,0.8660254037844386,0.5000000000000001
2024-02-19,64741,0,0,34.1,20.7,63,0.0,34,0,0,0,67088.42857142857,70338.0,0.8660254037844386,0.5000000000000001
2024-02-20,62304,0,0,34.0,20.6,62,0.0,32,0,0,0,66435.14285714286,64741.0,0.8660254037844386,0.5000000000000001
2024-02-21,69191,0,0,36.2,22.0,59,0.0,29,0,0,0,65569.57142857143,62304.0,0.8660254037844386,0.5000000000000001
2024-02-22,57973,0,0,35.9,23.2,63,0.0,30,0,0,0,65843.28571428571,69191.0,0.8660254037844386,0.5000000000000001
2024-02-23,62880,0,0,37.0,23.5,66,0.0,37,0,0,0,67578.71428571429,57973.0,0.8660254037844386,0.5000000000000001
2024-02-24,72175,1,0,33.9,24.8,68,0.2,70,0,0,0,65492.57142857143,62880.0,0.8660254037844386,0.5000000000000001
2024-02-25,76577,1,0,34.3,22.8,66,0.0,33,0,0,0,65657.42857142857,72175.0,0.8660254037844386,0.5000000000000001
2024-02-26,70077,0,0,33.3,22.1,68,0.0,31,0,0,0,66548.71428571429,76577.0,0.8660254037844386,0.5000000000000001
2024-02-27,63421,0,0,33.4,21.5,66,0.0,30,0,0,0,67311.0,70077.0,0.8660254037844386,0.5000000000000001
2024-02-28,66915,0,0,34.1,21.1,59,0.0,25,0,0,0,67470.57142857143,63421.0,0.8660254037844386,0.5000000000000001
2024-02-29,57338,0,0,35.3,18.5,53,0.0,26,0,0,0,67145.42857142857,66915.0,0.8660254037844386,0.5000000000000001
2024-03-01,59646,0,0,35.3,20.2,54,0.0,26,0,0,0,67054.71428571429,57338.0,1.0,6.123233995736766e-17
2024-03-02,70442,1,0,36.1,20.4,50,0.0,29,0,0,0,66592.71428571429,59646.0,1.0,6.123233995736766e-17
2024-03-03,76876,1,0,35.9,21.3,60,0.0,30,0,0,0,66345.14285714286,70442.0,1.0,6.123233995736766e-17
2024-03-04,70570,0,0,35.8,22.3,67,0.0,31,0,0,0,66387.85714285714,76876.0,1.0,6.123233995736766e-17
2024-03-05,64552,0,0,36.4,23.0,64,0.0,30,0,0,0,66458.28571428571,70570.0,1.0,6.123233995736766e-17
2024-03-06,65887,0,0,37.2,23.2,57,0.0,32,0,0,0,66619.85714285714,64552.0,1.0,6.123233995736766e-17
2024-03-07,57880,0,0,37.4,21.6,53,0.0,26,0,0,0,66473.0,65887.0,1.0,6.123233995736766e-17
2024-03-08,63831,0,0,37.7,22.1,49,0.0,29,0,1,0,66550.42857142857,57880.0,1.0,6.123233995736766e-17
2024-03-09,68446,1,0,37.8,25.0,62,0.0,32,0,0,0,67148.28571428571,63831.0,1.0,6.123233995736766e-17
2024-03-10,76213,1,0,36.9,25.1,62,0.0,24,0,0,0,66863.14285714286,68446.0,1.0,6.123233995736766e-17
2024-03-11,64802,0,0,36.4,23.9,63,0.0,26,0,0,0,66768.42857142857,76213.0,1.0,6.123233995736766e-17
2024-03-12,60110,0,0,38.3,23.5,56,0.0,28,0,0,0,65944.42857142857,64802.0,1.0,6.123233995736766e-17
2024-03-13,67832,0,0,38.2,23.5,52,0.0,21,0,0,0,65309.857142857145,60110.0,1.0,6.123233995736766e-17
2024-03-14,48444,0,0,38.6,23.8,53,0.0,27,0,0,0,65587.71428571429,67832.0,1.0,6.123233995736766e-17
2024-03-15,66322,0,0,37.4,23.2,59,0.0,29,0,0,0,64239.71428571428,48444.0,1.0,6.123233995736766e-17
2024-03-16,74351,1,0,36.7,24.7,62,0.0,28,0,0,0,64595.57142857143,66322.0,1.0,6.123233995736766e-17
2024-03-17,83825,1,0,36.8,24.9,58,0.0,26,0,0,0,65439.142857142855,74351.0,1.0,6.123233995736766e-17
2024-03-18,65051,0,0,36.8,23.5,57,0.0,32,0,0,0,66526.57142857143,83825.0,1.0,6.123233995736766e-17
2024-03-19,63251,0,0,37.1,23.3,56,0.0,26,0,0,0,66562.14285714286,65051.0,1.0,6.123233995736766e-17
2024-03-20,69072,0,0,36.7,23.8,65,0.0,31,0,0,0,67010.85714285714,63251.0,1.0,6.123233995736766e-17
2024-03-21,60485,0,0,34.6,23.9,66,1.2,30,0,0,0,67188.0,69072.0,1.0,6.123233995736766e-17
2024-03-22,59236,0,0,36.4,23.1,59,0.0,24,0,0,0,68908.14285714286,60485.0,1.0,6.123233995736766e-17
2024-03-23,72986,1,0,38.5,23.5,57,0.0,35,0,0,0,67895.85714285714,59236.0,1.0,6.123233995736766e-17
2024-03-24,80532,1,0,38.5,24.4,56,0.0,35,0,0,0,67700.85714285714,72986.0,1.0,6.123233995736766e-17
2024-03-25,78731,0,0,38.1,21.7,56,0.0,66,1,0,0,67230.42857142857,80532.0,1.0,6.123233995736766e-17
2024-03-26,68563,0,0,37.9,21.5,57,0.0,35,0,0,0,69184.71428571429,78731.0,1.0,6.123233995736766e-17
2024-03-27,64097,0,0,38.1,23.3,59,0.0,24,0,0,0,69943.57142857143,68563.0,1.0,6.123233995736766e-17
2024-03-28,64097,0,0,39.0,22.4,56,0.0,23,0,0,0,69232.85714285714,64097.0,1.0,6.123233995736766e-17
2024-03-29,60958,0,0,39.6,24.2,51,0.0,26,1,0,0,69748.85714285714,64097.0,1.0,6.123233995736766e-17
2024-03-30,79907,1,0,39.5,23.1,47,0.0,25,0,0,0,69994.85714285714,60958.0,1.0,6.123233995736766e-17
2024-03-31,81224,1,0,38.9,22.8,48,0.0,27,0,0,0,70983.57142857143,79907.0,1.0,6.123233995736766e-17
2024-04-01,62439,0,0,39.5,24.2,57,0.0,25,0,0,0,71082.42857142857,81224.0,0.8660254037844387,-0.49999999999999983
2024-04-02,56228,0,0,41.0,24.7,55,0.0,24,0,0,0,68755.0,62439.0,0.8660254037844387,-0.49999999999999983
2024-04-03,61087,0,0,40.4,26.3,53,0.0,20,0,0,0,66992.85714285714,56228.0,0.8660254037844387,-0.49999999999999983
2024-04-04,62549,0,0,40.8,25.1,48,0.0,21,0,0,0,66562.85714285714,61087.0,0.8660254037844387,-0.49999999999999983
2024-04-05,59621,0,0,41.4,24.1,43,0.0,25,0,0,0,66341.71428571429,62549.0,0.8660254037844387,-0.49999999999999983
2024-04-06,59621,1,0,41.7,24.8,47,0.0,26,0,0,0,66150.71428571429,59621.0,0.8660254037844387,-0.49999999999999983
2024-04-07,73801,1,0,41.9,24.5,35,0.0,26,0,0,0,63252.71428571428,59621.0,0.8660254037844387,-0.49999999999999983
2024-04-08,61920,0,0,40.1,23.7,46,0.0,26,0,0,0,62192.28571428572,73801.0,0.8660254037844387,-0.49999999999999983
2024-04-09,55756,0,0,39.0,25.0,63,0.0,22,0,1,0,62118.142857142855,61920.0,0.8660254037844387,-0.49999999999999983
2024-04-10,65570,0,0,38.7,24.7,63,0.0,23,0,0,0,62050.71428571428,55756.0,0.8660254037844387,-0.49999999999999983
2024-04-11,62366,0,0,38.6,24.4,62,0.5,25,1,0,0,62691.142857142855,65570.0,0.8660254037844387,-0.49999999999999983
2024-04-12,63163,0,0,38.2,26.3,60,0.1,28,0,0,0,62665.0,62366.0,0.8660254037844387,-0.49999999999999983
2024-04-13,82139,1,0,39.0,24.5,57,0.0,28,0,0,0,63171.0,63163.0,0.8660254037844387,-0.49999999999999983
2024-04-14,81057,1,0,39.0,24.2,51,0.0,22,1,1,0,66387.85714285714,82139.0,0.8660254037844387,-0.49999999999999983
2024-04-15,77511,0,0,39.7,23.7,48,0.0,20,0,0,0,67424.42857142857,81057.0,0.8660254037844387,-0.49999999999999983
2024-04-16,67294,0,0,40.0,24.0,47,0.0,25,0,0,0,69651.71428571429,77511.0,0.8660254037844387,-0.49999999999999983
2024-04-17,58690,0,0,41.8,25.9,46,0.0,24,1,1,0,71300.0,67294.0,0.8660254037844387,-0.49999999999999983
2024-04-18,55537,0,0,41.8,26.7,47,0.0,28,0,0,0,70317.14285714286,58690.0,0.8660254037844387,-0.49999999999999983
2024-04-19,60517,0,0,42.6,27.1,54,0.0,23,0,0,0,69341.57142857143,55537.0,0.8660254037844387,-0.49999999999999983
2024-04-20,73051,1,0,41.7,27.2,49,0.0,26,0,0,0,68963.57142857143,60517.0,0.8660254037844387,-0.49999999999999983
2024-04-21,77366,1,0,42.3,27.7,53,0.0,26,1,0,0,67665.28571428571,73051.0,0.8660254037844387,-0.49999999999999983
2024-04-22,62894,0,0,42.2,26.3,51,0.0,28,0,0,0,67138.0,77366.0,0.8660254037844387,-0.49999999999999983
2024-04-23,60371,0,0,41.3,24.9,48,0.0,36,0,0,0,65049.857142857145,62894.0,0.8660254037844387,-0.49999999999999983
2024-04-24,64080,0,0,41.9,24.9,46,0.0,53,0,0,0,64060.857142857145,60371.0,0.8660254037844387,-0.49999999999999983
2024-04-25,61492,0,0,41.9,25.9,53,0.0,25,0,0,0,64830.857142857145,64080.0,0.8660254037844387,-0.49999999999999983
2024-04-26,57909,0,0,41.7,25.2,48,0.0,26,0,0,0,65681.57142857143,61492.0,0.8660254037844387,-0.49999999999999983
2024-04-27,81212,1,0,41.9,25.8,52,0.0,22,0,0,0,65309.0,57909.0,0.8660254037844387,-0.49999999999999983
2024-04-28,86241,1,0,42.3,25.6,50,0.0,23,0,0,0,66474.85714285714,81212.0,0.8660254037844387,-0.49999999999999983
2024-04-29,77673,0,0,42.1,27.3,52,0.0,23,0,0,0,67742.71428571429,86241.0,0.8660254037844387,-0.49999999999999983
2024-04-30,72310,0,0,42.0,28.1,52,0.0,19,0,0,0,69854.0,77673.0,0.8660254037844387,-0.49999999999999983
2024-05-01,72510,0,1,44.6,28.2,46,0.0,23,0,0,0,71559.57142857143,72310.0,0.49999999999999994,-0.8660254037844387
2024-05-02,65313,0,1,44.6,29.7,47,0.0,22,0,0,0,72763.85714285714,72510.0,0.49999999999999994,-0.8660254037844387
2024-05-03,62624,0,1,44.3,30.1,44,0.0,17,0,0,0,73309.71428571429,65313.0,0.49999999999999994,-0.8660254037844387
2024-05-04,77848,1,1,44.2,29.7,51,0.1,24,0,0,0,73983.28571428571,62624.0,0.49999999999999994,-0.8660254037844387
2024-05-05,81927,1,1,40.0,28.6,54,0.0,21,0,0,0,73502.71428571429,77848.0,0.49999999999999994,-0.8660254037844387
2024-05-06,76748,0,1,42.1,29.3,53,0.0,20,0,0,0,72886.42857142857,81927.0,0.49999999999999994,-0.8660254037844387
2024-05-07,65146,0,1,38.2,29.8,56,0.6,19,0,0,0,72754.28571428571,76748.0,0.49999999999999994,-0.8660254037844387
2024-05-08,64766,0,1,37.7,26.2,65,11.5,19,0,0,0,71730.85714285714,65146.0,0.49999999999999994,-0.8660254037844387
2024-05-09,65508,0,1,38.6,26.9,64,1.4,20,0,0,0,70624.57142857143,64766.0,0.49999999999999994,-0.8660254037844387
2024-05-10,60545,0,1,38.4,27.8,66,0.6,20,0,0,0,70652.42857142857,65508.0,0.49999999999999994,-0.8660254037844387
2024-05-11,76945,1,1,38.1,27.2,61,0.4,24,0,0,0,70355.42857142857,60545.0,0.49999999999999994,-0.8660254037844387
2024-05-12,80001,1,1,37.8,27.6,60,0.7,23,0,0,0,70226.42857142857,76945.0,0.49999999999999994,-0.8660254037844387
2024-05-13,70815,0,1,38.6,26.7,59,1.4,22,0,0,0,69951.28571428571,80001.0,0.49999999999999994,-0.8660254037844387
2024-05-14,75783,0,1,38.3,27.1,68,7.4,25,0,0,0,69103.71428571429,70815.0,0.49999999999999994,-0.8660254037844387
2024-05-15,81930,0,1,38.1,27.3,63,0.2,22,0,0,0,70623.28571428571,75783.0,0.49999999999999994,-0.8660254037844387
2024-05-16,76369,0,1,35.3,26.0,75,7.2,27,0,0,0,73075.28571428571,81930.0,0.49999999999999994,-0.8660254037844387
2024-05-17,71510,0,1,36.8,26.0,70,4.2,26,0,0,0,74626.85714285714,76369.0,0.49999999999999994,-0.8660254037844387
2024-05-18,90721,1,1,30.5,26.1,85,25.5,30,0,0,0,76193.28571428571,71510.0,0.49999999999999994,-0.8660254037844387
2024-05-19,86721,1,1,33.6,24.9,79,14.4,30,0,0,0,78161.28571428571,90721.0,0.49999999999999994,-0.8660254037844387
2024-05-20,85825,0,1,31.4,25.5,86,35.7,33,0,0,0,79121.28571428571,86721.0,0.49999999999999994,-0.8660254037844387
2024-05-21,80744,0,1,33.2,25.6,86,5.3,28,0,0,0,81265.57142857143,85825.0,0.49999999999999994,-0.8660254037844387
2024-05-22,80048,0,1,31.8,26.0,85,22.3,25,0,1,0,81974.28571428571,80744.0,0.49999999999999994,-0.8660254037844387
2024-05-23,65416,0,1,35.8,25.7,73,2.2,45,1,0,0,81705.42857142857,80048.0,0.49999999999999994,-0.8660254037844387
2024-05-24,70668,0,1,38.5,26.7,59,0.0,66,0,0,0,80140.71428571429,65416.0,0.49999999999999994,-0.8660254037844387
2024-05-25,83866,1,1,39.1,29.5,54,0.2,32,0,0,0,80020.42857142857,70668.0,0.49999999999999994,-0.8660254037844387
2024-05-26,89161,1,1,39.4,28.8,44,0.1,24,0,0,0,79041.14285714286,83866.0,0.49999999999999994,-0.8660254037844387
2024-05-27,81831,0,1,40.7,29.0,45,0.1,30,0,0,0,79389.71428571429,89161.0,0.49999999999999994,-0.8660254037844387
2024-05-28,76381,0,1,41.4,29.7,43,0.0,25,0,0,0,78819.14285714286,81831.0,0.49999999999999994,-0.8660254037844387
2024-05-29,73811,0,1,41.9,29.6,40,0.2,24,0,0,0,78195.85714285714,76381.0,0.49999999999999994,-0.8660254037844387
2024-05-30,64115,0,1,42.3,30.0,39,0.1,26,0,0,0,77304.85714285714,73811.0,0.49999999999999994,-0.8660254037844387
2024-05-31,67873,0,1,42.8,30.5,39,0.0,25,0,0,0,77119.0,64115.0,0.49999999999999994,-0.8660254037844387
2024-06-01,78686,1,1,40.1,29.0,54,5.7,23,0,0,0,76719.71428571429,67873.0,1.2246467991473532e-16,-1.0
2024-06-02,83740,1,1,39.3,27.9,62,2.3,25,0,0,0,75979.71428571429,78686.0,1.2246467991473532e-16,-1.0
2024-06-03,76362,0,1,32.2,26.9,73,7.0,26,0,0,0,75205.28571428571,83740.0,1.2246467991473532e-16,-1.0
2024-06-04,76291,0,1,33.5,26.1,73,5.3,11,0,0,0,74424.0,76362.0,1.2246467991473532e-16,-1.0
2024-06-05,67320,0,1,35.6,26.4,73,12.0,17,0,0,0,74411.14285714286,76291.0,1.2246467991473532e-16,-1.0
2024-06-06,62161,0,1,31.9,25.3,86,32.7,22,0,0,0,73483.85714285714,67320.0,1.2246467991473532e-16,-1.0
2024-06-07,63830,0,1,32.3,26.0,80,9.1,21,0,0,0,73204.71428571429,62161.0,1.2246467991473532e-16,-1.0
2024-06-08,79398,1,1,35.0,25.4,73,1.3,26,0,0,0,72627.14285714286,63830.0,1.2246467991473532e-16,-1.0
2024-06-09,81744,1,1,33.4,25.7,70,0.7,18,0,0,0,72728.85714285714,79398.0,1.2246467991473532e-16,-1.0
2024-06-10,78064,0,1,36.0,26.4,64,0.9,24,0,0,0,72443.71428571429,81744.0,1.2246467991473532e-16,-1.0
2024-06-11,76665,0,1,35.7,27.3,59,0.5,26,0,0,0,72686.85714285714,78064.0,1.2246467991473532e-16,-1.0
2024-06-12,75068,0,1,32.4,27.7,65,1.5,28,0,0,0,72740.28571428571,76665.0,1.2246467991473532e-16,-1.0
2024-06-13,61499,0,1,34.0,27.4,61,2.3,25,0,0,0,73847.14285714286,75068.0,1.2246467991473532e-16,-1.0
2024-06-14,66782,0,1,35.1,27.1,56,0.1,28,0,0,0,73752.57142857143,61499.0,1.2246467991473532e-16,-1.0
2024-06-15,82886,1,1,35.9,27.3,54,0.0,27,0,0,0,74174.28571428571,66782.0,1.2246467991473532e-16,-1.0
2024-06-16,69870,1,1,37.2,26.2,53,3.0,27,0,0,0,74672.57142857143,82886.0,1.2246467991473532e-16,-1.0
2024-06-17,75872,0,1,36.9,25.6,67,2.3,36,1,0,0,72976.28571428571,69870.0,1.2246467991473532e-16,-1.0
2024-06-18,75125,0,1,36.1,26.3,66,3.4,38,0,0,0,72663.14285714286,75872.0,1.2246467991473532e-16,-1.0
2024-06-19,79584,0,1,34.3,25.7,74,11.0,31,0,0,0,72443.14285714286,75125.0,1.2246467991473532e-16,-1.0
2024-06-20,62756,0,1,34.7,25.2,71,0.8,31,0,0,0,73088.28571428571,79584.0,1.2246467991473532e-16,-1.0
2024-06-21,72294,0,1,34.7,26.0,64,0.8,31,0,0,0,73267.85714285714,62756.0,1.2246467991473532e-16,-1.0
2024-06-22,74467,1,1,35.1,26.4,61,0.3,38,0,1,0,74055.28571428571,72294.0,1.2246467991473532e-16,-1.0
2024-06-23,81455,1,1,35.5,26.2,60,0.6,36,0,0,0,72852.57142857143,74467.0,1.2246467991473532e-16,-1.0
2024-06-24,77878,0,1,35.8,25.5,62,0.1,75,0,0,0,74507.57142857143,81455.0,1.2246467991473532e-16,-1.0
2024-06-25,71824,0,1,35.3,26.8,63,0.5,32,0,0,0,74794.14285714286,77878.0,1.2246467991473532e-16,-1.0
2024-06-26,77332,0,1,34.8,27.5,62,3.5,26,0,0,0,74322.57142857143,71824.0,1.2246467991473532e-16,-1.0
2024-06-27,60782,0,1,33.6,27.3,59,0.0,22,0,0,0,74000.85714285714,77332.0,1.2246467991473532e-16,-1.0
2024-06-28,66256,0,1,36.9,27.3,56,0.0,24,0,0,0,73718.85714285714,60782.0,1.2246467991473532e-16,-1.0
2024-06-29,80404,1,1,37.5,26.6,58,0.0,19,0,0,0,72856.28571428571,66256.0,1.2246467991473532e-16,-1.0
2024-06-30,81005,1,1,35.3,26.7,66,5.4,25,0,0,0,73704.42857142857,80404.0,1.2246467991473532e-16,-1.0
2024-07-01,75449,0,1,34.2,25.8,75,11.8,26,0,0,0,73640.14285714286,81005.0,-0.4999999999999998,-0.8660254037844388
2024-07-02,67398,0,1,34.9,26.5,59,0.0,26,0,0,0,73293.14285714286,75449.0,-0.4999999999999998,-0.8660254037844388
2024-07-03,69632,0,1,36.2,25.7,61,4.1,22,0,0,0,72660.85714285714,67398.0,-0.4999999999999998,-0.8660254037844388
2024-07-04,63826,0,1,33.9,26.6,65,1.5,30,0,0,0,71560.85714285714,69632.0,-0.4999999999999998,-0.8660254037844388
2024-07-05,65775,0,1,36.1,26.8,58,0.4,25,0,0,0,71995.71428571429,63826.0,-0.4999999999999998,-0.8660254037844388
2024-07-06,77995,1,1,33.4,25.3,71,3.8,25,0,0,0,71927.0,65775.0,-0.4999999999999998,-0.8660254037844388
2024-07-07,78912,1,1,36.1,25.8,62,0.6,23,0,0,0,71582.85714285714,77995.0,-0.4999999999999998,-0.8660254037844388
2024-07-08,63619,0,1,33.2,25.7,70,1.8,22,0,0,0,71283.85714285714,78912.0,-0.4999999999999998,-0.8660254037844388
2024-07-09,67245,0,1,34.0,25.2,67,3.1,25,0,0,0,69593.85714285714,63619.0,-0.4999999999999998,-0.8660254037844388
2024-07-10,73353,0,1,36.1,24.9,59,0.1,22,0,0,0,69572.0,67245.0,-0.4999999999999998,-0.8660254037844388
2024-07-11,65392,0,1,33.2,26.0,68,0.0,30,0,0,0,70103.57142857143,73353.0,-0.4999999999999998,-0.8660254037844388
2024-07-12,63493,0,1,35.6,26.3,65,0.7,30,0,0,0,70327.28571428571,65392.0,-0.4999999999999998,-0.8660254037844388
2024-07-13,75916,1,1,30.5,25.9,74,2.3,25,0,0,0,70001.28571428571,63493.0,-0.4999999999999998,-0.8660254037844388
2024-07-14,84797,1,1,27.3,25.2,85,15.7,33,0,0,0,69704.28571428571,75916.0,-0.4999999999999998,-0.8660254037844388
2024-07-15,75054,0,1,29.8,24.7,84,10.0,23,0,0,0,70545.0,84797.0,-0.4999999999999998,-0.8660254037844388
2024-07-16,71409,0,1,32.2,25.3,72,0.1,29,0,0,0,72178.57142857143,75054.0,-0.4999999999999998,-0.8660254037844388
2024-07-17,69029,0,1,31.9,26.4,66,0.1,27,1,0,0,72773.42857142857,71409.0,-0.4999999999999998,-0.8660254037844388
2024-07-18,67223,0,1,32.4,27.8,64,1.4,33,0,0,0,72155.71428571429,69029.0,-0.4999999999999998,-0.8660254037844388
2024-07-19,65134,0,1,29.3,26.2,68,1.4,30,0,0,0,72417.28571428571,67223.0,-0.4999999999999998,-0.8660254037844388
2024-07-20,83538,1,1,29.8,24.9,73,1.7,25,0,0,0,72651.71428571429,65134.0,-0.4999999999999998,-0.8660254037844388
2024-07-21,75963,1,1,34.8,25.2,65,0.4,29,0,0,0,73740.57142857143,83538.0,-0.4999999999999998,-0.8660254037844388
2024-07-22,71939,0,1,34.8,25.2,60,0.0,37,0,0,0,72478.57142857143,75963.0,-0.4999999999999998,-0.8660254037844388
2024-07-23,73332,0,1,35.0,26.3,55,0.0,33,0,0,0,72033.57142857143,71939.0,-0.4999999999999998,-0.8660254037844388
2024-07-24,73023,0,1,35.1,26.1,56,0.0,62,0,0,0,72308.28571428571,73332.0,-0.4999999999999998,-0.8660254037844388
2024-07-25,61699,0,1,35.7,27.7,54,0.3,23,0,0,0,72878.85714285714,73023.0,-0.4999999999999998,-0.8660254037844388
2024-07-26,65980,0,1,35.3,28.2,54,0.8,25,0,0,0,72089.71428571429,61699.0,-0.4999999999999998,-0.8660254037844388
2024-07-27,84173,1,1,34.4,28.3,53,0.0,26,0,0,0,72210.57142857143,65980.0,-0.4999999999999998,-0.8660254037844388
2024-07-28,79327,1,1,36.0,27.7,49,0.0,27,0,0,0,72301.28571428571,84173.0,-0.4999999999999998,-0.8660254037844388
2024-07-29,65874,0,1,37.5,25.0,60,14.2,22,0,0,0,72781.85714285714,79327.0,-0.4999999999999998,-0.8660254037844388
2024-07-30,69937,0,1,33.5,25.4,72,1.2,18,0,0,0,71915.42857142857,65874.0,-0.4999999999999998,-0.8660254037844388
2024-07-31,67916,0,1,34.6,25.9,64,3.5,18,0,0,0,71430.42857142857,69937.0,-0.4999999999999998,-0.8660254037844388
2024-08-01,61465,0,0,34.9,27.2,60,1.3,22,0,0,0,70700.85714285714,67916.0,-0.8660254037844384,-0.5000000000000004
2024-08-02,62540,0,0,34.8,26.0,68,7.2,20,0,0,0,70667.42857142857,61465.0,-0.8660254037844384,-0.5000000000000004
2024-08-03,75140,1,0,34.6,25.4,70,5.6,27,0,0,0,70176.0,62540.0,-0.8660254037844384,-0.5000000000000004
2024-08-04,75356,1,0,34.8,25.3,75,10.3,24,0,0,0,68885.57142857143,75140.0,-0.8660254037844384,-0.5000000000000004
2024-08-05,63095,0,0,32.2,25.5,75,2.4,20,0,0,0,68318.28571428571,75356.0,-0.8660254037844384,-0.5000000000000004
2024-08-06,66235,0,0,34.2,25.2,77,14.7,20,0,0,0,67921.28571428571,63095.0,-0.8660254037844384,-0.5000000000000004
2024-08-07,75109,0,0,31.7,24.7,79,8.5,18,0,0,0,67392.42857142857,66235.0,-0.8660254037844384,-0.5000000000000004
2024-08-08,63535,0,0,32.5,24.9,79,29.0,24,0,0,0,68420.0,75109.0,-0.8660254037844384,-0.5000000000000004
2024-08-09,65131,0,0,32.9,24.5,78,26.7,20,0,0,0,68715.71428571429,63535.0,-0.8660254037844384,-0.5000000000000004
2024-08-10,79313,1,0,32.6,23.9,81,10.8,22,0,0,0,69085.85714285714,65131.0,-0.8660254037844384,-0.5000000000000004
2024-08-11,86604,1,0,33.7,24.1,77,3.4,22,0,0,0,69682.0,79313.0,-0.8660254037844384,-0.5000000000000004
2024-08-12,70728,0,0,33.9,24.2,76,2.9,26,0,0,0,71288.85714285714,86604.0,-0.8660254037844384,-0.5000000000000004
2024-08-13,73246,0,0,33.0,23.9,81,13.7,23,0,0,0,72379.28571428571,70728.0,-0.8660254037844384,-0.5000000000000004
2024-08-14,72967,0,0,32.6,24.7,79,0.7,26,0,0,0,73380.85714285714,73246.0,-0.8660254037844384,-0.5000000000000004
2024-08-15,76695,0,0,32.4,25.6,80,1.1,27,1,0,0,73074.85714285714,72967.0,-0.8660254037844384,-0.5000000000000004
2024-08-16,62625,0,0,32.8,25.8,78,0.8,26,0,1,0,74954.85714285714,76695.0,-0.8660254037844384,-0.5000000000000004
2024-08-17,77807,1,0,33.8,25.3,78,1.4,28,0,0,0,74596.85714285714,62625.0,-0.8660254037844384,-0.5000000000000004
2024-08-18,85935,1,0,33.5,24.9,77,0.3,22,0,0,0,74381.71428571429,77807.0,-0.8660254037844384,-0.5000000000000004
2024-08-19,71595,0,0,33.8,25.5,75,3.3,26,0,1,0,74286.14285714286,85935.0,-0.8660254037844384,-0.5000000000000004
2024-08-20,73082,0,0,34.2,25.0,75,6.8,26,0,0,0,74410.0,71595.0,-0.8660254037844384,-0.5000000000000004
2024-08-21,68142,0,0,32.9,24.7,77,2.6,25,0,0,0,74386.57142857143,73082.0,-0.8660254037844384,-0.5000000000000004
2024-08-22,63202,0,0,34.4,25.1,65,2.0,34,0,0,0,73697.28571428571,68142.0,-0.8660254037844384,-0.5000000000000004
2024-08-23,69098,0,0,34.8,25.2,69,0.3,41,0,0,0,71769.71428571429,63202.0,-0.8660254037844384,-0.5000000000000004
2024-08-24,79521,1,0,35.5,25.9,62,0.0,79,0,0,0,72694.42857142857,69098.0,-0.8660254037844384,-0.5000000000000004
2024-08-25,84060,1,0,35.8,26.8,54,0.1,26,0,0,0,72939.28571428571,79521.0,-0.8660254037844384,-0.5000000000000004
2024-08-26,76910,0,0,35.8,26.8,53,0.7,28,1,1,0,72671.42857142857,84060.0,-0.8660254037844384,-0.5000000000000004
2024-08-27,71153,0,0,34.7,26.8,55,0.1,27,0,0,0,73430.71428571429,76910.0,-0.8660254037844384,-0.5000000000000004
2024-08-28,76772,0,0,33.2,25.4,69,1.8,23,0,0,0,73155.14285714286,71153.0,-0.8660254037844384,-0.5000000000000004
2024-08-29,62529,0,0,33.5,24.4,67,0.8,24,0,0,0,74388.0,76772.0,-0.8660254037844384,-0.5000000000000004
2024-08-30,65080,0,0,32.2,25.5,71,6.2,22,0,0,0,74291.85714285714,62529.0,-0.8660254037844384,-0.5000000000000004
2024-08-31,81207,1,0,29.5,25.1,76,3.4,24,0,0,0,73717.85714285714,65080.0,-0.8660254037844384,-0.5000000000000004
2024-09-01,74498,1,0,34.2,25.1,62,0.9,27,0,0,0,73958.71428571429,81207.0,-1.0,-1.8369701987210297e-16
2024-09-02,63936,0,0,36.7,25.1,57,4.0,23,0,0,0,72592.71428571429,74498.0,-1.0,-1.8369701987210297e-16
2024-09-03,57817,0,0,35.7,25.1,69,3.5,21,0,0,0,70739.28571428571,63936.0,-1.0,-1.8369701987210297e-16
2024-09-04,57390,0,0,34.8,26.2,62,0.0,19,0,0,0,68834.14285714286,57817.0,-1.0,-1.8369701987210297e-16
2024-09-05,61142,0,0,35.3,27.4,57,0.0,23,0,0,0,66065.28571428571,57390.0,-1.0,-1.8369701987210297e-16
2024-09-06,58100,0,0,34.2,25.9,62,10.8,11,0,0,0,65867.14285714286,61142.0,-1.0,-1.8369701987210297e-16
2024-09-07,83960,1,0,34.5,27.5,60,2.4,18,0,1,0,64870.0,58100.0,-1.0,-1.8369701987210297e-16
2024-09-08,81178,1,0,31.9,26.3,65,1.8,20,0,0,0,65263.28571428572,83960.0,-1.0,-1.8369701987210297e-16
2024-09-09,67030,0,0,35.8,26.4,58,0.4,20,0,0,0,66217.57142857143,81178.0,-1.0,-1.8369701987210297e-16
2024-09-10,62380,0,0,37.7,26.5,52,0.8,22,0,0,0,66659.57142857143,67030.0,-1.0,-1.8369701987210297e-16
2024-09-11,67668,0,0,37.7,26.3,48,0.3,23,0,0,0,67311.42857142857,62380.0,-1.0,-1.8369701987210297e-16
2024-09-12,63544,0,0,38.6,25.5,49,1.3,20,0,0,0,68779.71428571429,67668.0,-1.0,-1.8369701987210297e-16
2024-09-13,60694,0,0,37.6,26.6,46,0.0,20,0,0,0,69122.85714285714,63544.0,-1.0,-1.8369701987210297e-16
2024-09-14,80735,1,0,38.0,26.4,45,0.0,25,0,0,0,69493.42857142857,60694.0,-1.0,-1.8369701987210297e-16
2024-09-15,85626,1,0,37.9,26.1,44,0.6,22,0,0,0,69032.71428571429,80735.0,-1.0,-1.8369701987210297e-16
2024-09-16,76200,0,0,38.5,26.7,44,0.0,25,1,0,0,69668.14285714286,85626.0,-1.0,-1.8369701987210297e-16
2024-09-17,72072,0,0,38.6,27.6,47,0.7,27,0,0,0,70978.14285714286,76200.0,-1.0,-1.8369701987210297e-16
2024-09-18,78690,0,0,36.5,26.3,53,0.9,33,0,0,0,72362.71428571429,72072.0,-1.0,-1.8369701987210297e-16
2024-09-19,68835,0,0,38.4,25.6,51,0.0,28,0,0,0,73937.28571428571,78690.0,-1.0,-1.8369701987210297e-16
2024-09-20,73104,0,0,37.7,26.7,50,0.3,27,0,0,0,74693.14285714286,68835.0,-1.0,-1.8369701987210297e-16
2024-09-21,82406,1,0,33.6,25.5,65,3.0,29,0,0,0,76466.0,73104.0,-1.0,-1.8369701987210297e-16
2024-09-22,82646,1,0,35.2,26.1,62,1.9,24,0,0,0,76704.71428571429,82406.0,-1.0,-1.8369701987210297e-16
2024-09-23,65604,0,0,36.4,24.1,76,5.0,38,0,0,0,76279.0,82646.0,-1.0,-1.8369701987210297e-16
2024-09-24,67616,0,0,33.8,25.2,73,4.3,58,0,0,0,74765.28571428571,65604.0,-1.0,-1.8369701987210297e-16
2024-09-25,77939,0,0,34.2,25.0,75,2.0,22,0,0,0,74128.71428571429,67616.0,-1.0,-1.8369701987210297e-16
2024-09-26,61328,0,0,33.0,24.5,77,0.5,21,0,0,0,74021.42857142857,77939.0,-1.0,-1.8369701987210297e-16
2024-09-27,64158,0,0,32.4,25.3,79,11.8,21,0,0,0,72949.0,61328.0,-1.0,-1.8369701987210297e-16
2024-09-28,71133,1,0,32.3,23.8,81,5.9,22,0,0,0,71671.0,64158.0,-1.0,-1.8369701987210297e-16
2024-09-29,84066,1,0,32.0,23.3,81,3.3,25,0,0,0,70060.57142857143,71133.0,-1.0,-1.8369701987210297e-16
2024-09-30,66986,0,0,32.1,23.8,78,0.5,20,0,0,0,70263.42857142857,84066.0,-1.0,-1.8369701987210297e-16
2024-10-01,69300,0,0,33.1,24.1,74,0.0,18,0,0,0,70460.85714285714,66986.0,-0.8660254037844386,0.5000000000000001
2024-10-02,80613,0,0,34.7,24.9,72,0.1,17,1,1,0,70701.42857142857,69300.0,-0.8660254037844386,0.5000000000000001
2024-10-03,63376,0,0,35.2,25.8,71,4.7,20,0,1,1,71083.42857142857,80613.0,-0.8660254037844386,0.5000000000000001
2024-10-04,54866,0,0,33.0,25.7,75,10.4,20,0,1,1,71376.0,63376.0,-0.8660254037844386,0.5000000000000001
2024-10-05,75552,1,0,34.0,24.5,69,0.5,18,0,1,1,70048.57142857143,54866.0,-0.8660254037844386,0.5000000000000001
2024-10-06,86859,1,0,33.6,24.8,70,0.0,20,0,1,1,70679.85714285714,75552.0,-0.8660254037844386,0.5000000000000001
2024-10-07,81481,0,0,30.1,23.2,83,7.3,22,0,1,1,71078.85714285714,86859.0,-0.8660254037844386,0.5000000000000001
2024-10-08,82043,0,0,32.3,24.4,82,7.1,15,0,1,1,73149.57142857143,81481.0,-0.8660254037844386,0.5000000000000001
2024-10-09,79753,0,0,30.4,23.9,84,6.5,16,0,1,1,74970.0,82043.0,-0.8660254037844386,0.5000000000000001
2024-10-10,60775,0,0,30.5,24.1,84,9.1,15,0,1,1,74847.14285714286,79753.0,-0.8660254037844386,0.5000000000000001
2024-10-11,71443,0,0,31.1,24.0,85,8.2,22,0,1,1,74475.57142857143,60775.0,-0.8660254037844386,0.5000000000000001
2024-10-12,73684,1,0,30.5,24.0,85,3.6,20,1,1,1,76843.71428571429,71443.0,-0.8660254037844386,0.5000000000000001
2024-10-13,86900,1,0,30.5,23.9,83,1.8,19,0,0,0,76576.85714285714,73684.0,-0.8660254037844386,0.5000000000000001
2024-10-14,75361,0,0,27.0,23.4,91,20.0,18,0,0,0,76582.71428571429,86900.0,-0.8660254037844386,0.5000000000000001
2024-10-15,73891,0,0,27.5,23.1,92,37.1,21,0,0,0,75708.42857142857,75361.0,-0.8660254037844386,0.5000000000000001
2024-10-16,75371,0,0,28.0,23.1,90,115.6,22,0,0,0,74543.85714285714,73891.0,-0.8660254037844386,0.5000000000000001
2024-10-17,58637,0,0,31.1,23.3,84,12.7,17,0,0,0,73917.85714285714,75371.0,-0.8660254037844386,0.5000000000000001
2024-10-18,61576,0,0,29.4,23.5,88,9.2,18,0,0,0,73612.42857142857,58637.0,-0.8660254037844386,0.5000000000000001
2024-10-19,80741,1,0,28.2,23.9,90,11.7,21,0,0,0,72202.85714285714,61576.0,-0.8660254037844386,0.5000000000000001
2024-10-20,73926,1,0,30.0,23.2,89,15.6,21,0,0,0,73211.0,80741.0,-0.8660254037844386,0.5000000000000001
2024-10-21,69142,0,0,30.3,23.6,90,15.1,24,0,0,0,71357.57142857143,73926.0,-0.8660254037844386,0.5000000000000001
2024-10-22,64359,0,0,30.7,22.6,86,2.5,28,0,0,0,70469.14285714286,69142.0,-0.8660254037844386,0.5000000000000001
2024-10-23,64447,0,0,31.9,22.6,79,0.0,29,0,0,0,69107.42857142857,64359.0,-0.8660254037844386,0.5000000000000001
2024-10-24,61004,0,0,31.1,23.1,76,5.1,58,0,0,0,67546.85714285714,64447.0,-0.8660254037844386,0.5000000000000001
2024-10-25,56501,0,0,32.4,20.9,71,0.1,18,0,0,0,67885.0,61004.0,-0.8660254037844386,0.5000000000000001
2024-10-26,77844,1,0,32.6,20.8,69,0.0,21,0,0,0,67160.0,56501.0,-0.8660254037844386,0.5000000000000001
2024-10-27,69333,1,0,31.7,21.7,77,10.0,17,0,0,0,66746.14285714286,77844.0,-0.8660254037844386,0.5000000000000001
2024-10-28,63729,0,0,31.7,21.1,69,0.0,18,0,0,0,66090.0,69333.0,-0.8660254037844386,0.5000000000000001
2024-10-29,59140,0,0,32.4,22.7,73,0.3,20,0,0,0,65316.71428571428,63729.0,-0.8660254037844386,0.5000000000000001
2024-10-30,55219,0,0,31.6,23.3,80,1.1,14,0,0,0,64571.142857142855,59140.0,-0.8660254037844386,0.5000000000000001
2024-10-31,63987,0,0,31.3,23.1,80,1.0,12,1,0,0,63252.857142857145,55219.0,-0.8660254037844386,0.5000000000000001
2024-11-01,67785,0,0,30.2,23.7,83,1.7,16,0,1,0,63679.0,63987.0,-0.5000000000000004,0.8660254037844384
2024-11-02,88076,1,0,30.3,22.6,84,5.6,18,0,0,0,65291.0,67785.0,-0.5000000000000004,0.8660254037844384
2024-11-03,84489,1,0,30.6,23.0,83,2.3,17,0,0,0,66752.71428571429,88076.0,-0.5000000000000004,0.8660254037844384
2024-11-04,74651,0,0,30.3,22.7,79,1.1,16,0,0,0,68917.85714285714,84489.0,-0.5000000000000004,0.8660254037844384
2024-11-05,68146,0,0,30.8,21.1,73,0.0,17,0,0,0,70478.14285714286,74651.0,-0.5000000000000004,0.8660254037844384
2024-11-06,60394,0,0,30.6,20.4,76,5.5,16,0,0,0,71764.71428571429,68146.0,-0.5000000000000004,0.8660254037844384
2024-11-07,52643,0,0,30.4,22.4,82,1.0,14,0,0,0,72504.0,60394.0,-0.5000000000000004,0.8660254037844384
2024-11-08,64983,0,0,30.5,21.9,80,0.3,16,0,0,0,70883.42857142857,52643.0,-0.5000000000000004,0.8660254037844384
2024-11-09,73558,1,0,30.6,21.8,78,0.4,15,0,0,0,70483.14285714286,64983.0,-0.5000000000000004,0.8660254037844384
2024-11-10,82233,1,0,30.1,20.7,80,1.5,15,0,0,0,68409.14285714286,73558.0,-0.5000000000000004,0.8660254037844384
2024-11-11,73917,0,0,31.2,20.9,70,0.0,16,0,0,0,68086.85714285714,82233.0,-0.5000000000000004,0.8660254037844384
2024-11-12,61446,0,0,27.1,23.2,88,13.1,15,0,0,0,67982.0,73917.0,-0.5000000000000004,0.8660254037844384
2024-11-13,66441,0,0,26.4,22.8,94,20.1,13,0,0,0,67024.85714285714,61446.0,-0.5000000000000004,0.8660254037844384
2024-11-14,56711,0,0,27.9,23.0,90,8.6,16,0,0,0,67888.71428571429,66441.0,-0.5000000000000004,0.8660254037844384
2024-11-15,61613,0,0,28.9,23.2,89,3.8,17,1,0,0,68469.85714285714,56711.0,-0.5000000000000004,0.8660254037844384
2024-11-16,73179,1,0,28.8,23.4,90,5.2,16,0,0,0,67988.42857142857,61613.0,-0.5000000000000004,0.8660254037844384
2024-11-17,71441,1,0,29.5,22.7,85,1.8,18,0,0,0,67934.28571428571,73179.0,-0.5000000000000004,0.8660254037844384
2024-11-18,62085,0,0,28.4,21.8,86,1.6,18,0,0,0,66392.57142857143,71441.0,-0.5000000000000004,0.8660254037844384
2024-11-19,62248,0,0,29.2,20.6,77,0.0,20,0,0,0,64702.28571428572,62085.0,-0.5000000000000004,0.8660254037844384
2024-11-20,59231,0,0,29.3,19.7,76,0.0,24,0,0,0,64816.857142857145,62248.0,-0.5000000000000004,0.8660254037844384
2024-11-21,60803,0,0,29.2,19.6,75,0.0,24,0,0,0,63786.857142857145,59231.0,-0.5000000000000004,0.8660254037844384
2024-11-22,63731,0,0,29.4,17.9,77,0.0,18,0,0,0,64371.42857142857,60803.0,-0.5000000000000004,0.8660254037844384
2024-11-23,75147,1,0,29.9,19.1,81,0.0,18,0,0,0,64674.0,63731.0,-0.5000000000000004,0.8660254037844384
2024-11-24,75737,1,0,29.6,20.8,82,0.0,20,0,0,0,64955.142857142855,75147.0,-0.5000000000000004,0.8660254037844384
2024-11-25,63637,0,0,29.2,20.8,79,0.0,35,0,0,0,65568.85714285714,75737.0,-0.5000000000000004,0.8660254037844384
2024-11-26,64525,0,0,25.6,22.6,89,11.3,19,0,0,0,65790.57142857143,63637.0,-0.5000000000000004,0.8660254037844384
2024-11-27,67626,0,0,27.2,22.6,81,0.5,14,0,0,0,66115.85714285714,64525.0,-0.5000000000000004,0.8660254037844384
2024-11-28,56952,0,0,28.2,21.7,65,0.0,19,0,0,0,67315.14285714286,67626.0,-0.5000000000000004,0.8660254037844384
2024-11-29,62147,0,0,27.3,23.3,70,1.4,13,0,0,0,66765.0,56952.0,-0.5000000000000004,0.8660254037844384
2024-11-30,73619,1,0,24.2,22.7,93,77.5,18,0,0,0,66538.71428571429,62147.0,-0.5000000000000004,0.8660254037844384
2024-12-01,67496,1,0,25.4,22.9,96,40.2,17,0,0,0,66320.42857142857,73619.0,-2.4492935982947064e-16,1.0
2024-12-02,58607,0,0,29.0,23.1,92,24.2,14,0,0,0,65143.142857142855,67496.0,-2.4492935982947064e-16,1.0
2024-12-03,60301,0,0,29.2,23.4,89,6.8,19,0,0,0,64424.57142857143,58607.0,-2.4492935982947064e-16,1.0
2024-12-04,65265,0,0,28.7,23.3,90,4.6,18,0,0,0,63821.142857142855,60301.0,-2.4492935982947064e-16,1.0
2024-12-05,70523,0,0,28.2,22.9,89,3.3,12,0,0,0,63483.857142857145,65265.0,-2.4492935982947064e-16,1.0
2024-12-06,75782,0,0,29.3,22.3,88,2.0,15,0,0,0,65422.57142857143,70523.0,-2.4492935982947064e-16,1.0
2024-12-07,78569,1,0,30.7,22.3,84,3.1,15,0,0,0,67370.42857142857,75782.0,-2.4492935982947064e-16,1.0
2024-12-08,73107,1,0,30.0,21.4,81,0.1,17,0,0,0,68077.57142857143,78569.0,-2.4492935982947064e-16,1.0
2024-12-09,67124,0,0,29.7,21.1,83,1.5,15,0,0,0,68879.14285714286,73107.0,-2.4492935982947064e-16,1.0
2024-12-10,67284,0,0,29.0,21.9,83,0.4,15,0,0,0,70095.85714285714,67124.0,-2.4492935982947064e-16,1.0
2024-12-11,65887,0,0,26.5,21.7,89,4.5,14,0,0,0,71093.42857142857,67284.0,-2.4492935982947064e-16,1.0
2024-12-12,61178,0,0,24.2,22.6,96,24.5,18,0,0,0,71182.28571428571,65887.0,-2.4492935982947064e-16,1.0
2024-12-13,63722,0,0,27.3,21.8,86,2.3,18,0,0,0,69847.28571428571,61178.0,-2.4492935982947064e-16,1.0
2024-12-14,72962,1,0,27.8,20.6,79,0.0,15,0,0,0,68124.42857142857,63722.0,-2.4492935982947064e-16,1.0
2024-12-15,66160,1,0,27.5,17.8,80,0.0,15,0,0,0,67323.42857142857,72962.0,-2.4492935982947064e-16,1.0
2024-12-16,62112,0,0,27.2,18.4,78,0.0,23,0,0,0,66331.0,66160.0,-2.4492935982947064e-16,1.0
2024-12-17,63598,0,0,28.4,19.1,74,4.8,18,0,0,0,65615.0,62112.0,-2.4492935982947064e-16,1.0
2024-12-18,70457,0,0,28.0,21.2,87,25.8,17,0,0,0,65088.42857142857,63598.0,-2.4492935982947064e-16,1.0
2024-12-19,58165,0,0,28.1,22.5,87,3.2,21,0,0,0,65741.28571428571,70457.0,-2.4492935982947064e-16,1.0
2024-12-20,65299,0,0,30.1,22.9,83,0.4,18,0,0,0,65310.857142857145,58165.0,-2.4492935982947064e-16,1.0
2024-12-21,72411,1,0,30.4,21.5,84,0.0,22,0,0,0,65536.14285714286,65299.0,-2.4492935982947064e-16,1.0
2024-12-22,77260,1,0,29.0,20.4,83,0.0,22,0,0,0,65457.42857142857,72411.0,-2.4492935982947064e-16,1.0
2024-12-23,65656,0,0,29.3,19.1,78,0.0,30,0,0,0,67043.14285714286,77260.0,-2.4492935982947064e-16,1.0
2024-12-24,67209,0,0,26.5,21.3,86,2.2,49,0,0,0,67549.42857142857,65656.0,-2.4492935982947064e-16,1.0
2024-12-25,73301,0,0,28.7,20.7,86,0.3,27,1,0,0,68065.28571428571,67209.0,-2.4492935982947064e-16,1.0
2024-12-26,59564,0,0,28.2,22.7,90,7.8,45,0,0,0,68471.57142857143,73301.0,-2.4492935982947064e-16,1.0
2024-12-27,66715,0,0,27.3,22.1,87,18.2,21,0,0,0,68671.42857142857,59564.0,-2.4492935982947064e-16,1.0
2024-12-28,78414,1,0,28.9,20.4,82,0.0,17,0,0,0,68873.71428571429,66715.0,-2.4492935982947064e-16,1.0
2024-12-29,84950,1,0,28.7,21.7,82,0.0,18,0,0,0,69731.28571428571,78414.0,-2.4492935982947064e-16,1.0
2024-12-30,68298,0,0,28.4,22.0,80,1.2,16,0,0,0,70829.85714285714,84950.0,-2.4492935982947064e-16,1.0
2024-12-31,62495,0,0,28.9,20.5,81,0.0,15,0,0,0,71207.28571428571,68298.0,-2.4492935982947064e-16,1.0
2025-01-01,69630,0,0,27.6,20.0,82,0.1,17,0,0,0,70533.85714285714,62495.0,0.49999999999999994,0.8660254037844387
2025-01-02,62085,0,0,27.0,17.6,83,0.5,15,0,0,0,70009.42857142857,69630.0,0.49999999999999994,0.8660254037844387
2025-01-03,62085,0,0,27.6,17.1,82,0.0,18,0,0,0,70369.57142857143,62085.0,0.49999999999999994,0.8660254037844387
2025-01-04,71990,1,0,27.2,15.7,80,0.0,16,0,0,0,69708.14285714286,62085.0,0.49999999999999994,0.8660254037844387
2025-01-05,66561,1,0,27.5,16.9,81,0.0,17,0,0,0,68790.42857142857,71990.0,0.49999999999999994,0.8660254037844387
2025-01-06,54180,0,0,27.3,17.4,79,0.0,14,0,0,0,66163.42857142857,66561.0,0.49999999999999994,0.8660254037844387
2025-01-07,62566,0,0,28.3,17.7,78,0.0,12,0,0,0,64146.57142857143,54180.0,0.49999999999999994,0.8660254037844387
2025-01-08,62903,0,0,27.2,15.7,78,0.0,20,0,0,0,64156.71428571428,62566.0,0.49999999999999994,0.8660254037844387
2025-01-09,40265,0,0,26.7,16.7,78,0.1,22,0,0,0,63195.71428571428,62903.0,0.49999999999999994,0.8660254037844387
2025-01-10,60094,0,0,26.9,18.0,83,0.4,19,0,0,0,60078.57142857143,40265.0,0.49999999999999994,0.8660254037844387
2025-01-11,53013,1,0,27.3,19.7,82,0.0,17,0,0,0,59794.142857142855,60094.0,0.49999999999999994,0.8660254037844387
2025-01-12,70966,1,0,27.4,18.2,82,0.0,13,0,0,0,57083.142857142855,53013.0,0.49999999999999994,0.8660254037844387
2025-01-13,74800,0,0,27.0,22.2,92,7.0,14,0,0,0,57712.42857142857,70966.0,0.49999999999999994,0.8660254037844387
2025-01-14,74800,0,0,28.4,21.1,81,0.3,15,0,0,0,60658.142857142855,74800.0,0.49999999999999994,0.8660254037844387
2025-01-15,71417,0,0,28.4,19.8,80,0.0,12,0,1,0,62405.857142857145,74800.0,0.49999999999999994,0.8660254037844387
2025-01-16,67115,0,0,27.9,19.6,80,0.3,17,0,1,0,63622.142857142855,71417.0,0.49999999999999994,0.8660254037844387
2025-01-17,61142,0,0,27.5,18.5,81,0.1,17,0,1,0,67457.85714285714,67115.0,0.49999999999999994,0.8660254037844387
2025-01-18,75931,1,0,27.8,18.7,76,0.0,20,0,0,0,67607.57142857143,61142.0,0.49999999999999994,0.8660254037844387
2025-01-19,70826,1,0,27.0,20.6,86,4.0,18,0,0,0,70881.57142857143,75931.0,0.49999999999999994,0.8660254037844387
2025-01-20,83806,0,0,28.1,18.1,81,0.0,18,0,0,0,70861.57142857143,70826.0,0.49999999999999994,0.8660254037844387
2025-01-21,60581,0,0,27.5,16.4,78,0.0,17,0,0,0,72148.14285714286,83806.0,0.49999999999999994,0.8660254037844387
2025-01-22,62223,0,0,27.8,16.6,79,0.0,15,0,0,0,70116.85714285714,60581.0,0.49999999999999994,0.8660254037844387
2025-01-23,56225,0,0,28.1,17.9,80,0.0,22,0,0,0,68803.42857142857,62223.0,0.49999999999999994,0.8660254037844387
2025-01-24,57655,0,0,27.7,17.3,81,0.1,42,0,0,0,67247.71428571429,56225.0,0.49999999999999994,0.8660254037844387
2025-01-25,77651,1,0,28.2,17.2,78,0.0,19,0,0,0,66749.57142857143,57655.0,0.49999999999999994,0.8660254037844387
2025-01-26,74742,1,0,28.9,15.1,74,0.0,13,1,0,0,66995.28571428571,77651.0,0.49999999999999994,0.8660254037844387
2025-01-27,65278,0,0,28.8,16.7,73,0.0,17,0,0,0,67554.71428571429,74742.0,0.49999999999999994,0.8660254037844387
2025-01-28,70610,0,0,28.7,16.6,75,0.0,20,0,0,0,64907.857142857145,65278.0,0.49999999999999994,0.8660254037844387
2025-01-29,62710,0,0,28.6,17.8,76,0.0,21,0,0,0,66340.57142857143,70610.0,0.49999999999999994,0.8660254037844387
2025-01-30,51349,0,0,30.8,16.4,79,0.0,19,0,0,0,66410.14285714286,62710.0,0.49999999999999994,0.8660254037844387
2025-01-31,51818,0,0,31.4,20.8,82,0.0,21,0,0,0,65713.57142857143,51349.0,0.49999999999999994,0.8660254037844387
2025-02-01,80871,1,0,31.4,21.2,77,0.2,20,0,0,0,64879.71428571428,51818.0,0.8660254037844386,0.5000000000000001
2025-02-02,75706,1,0,30.8,20.0,71,0.0,22,0,0,0,65339.71428571428,80871.0,0.8660254037844386,0.5000000000000001
2025-02-03,59784,0,0,31.1,17.3,67,0.0,23,0,0,0,65477.42857142857,75706.0,0.8660254037844386,0.5000000000000001
2025-02-04,73599,0,0,31.5,17.6,58,0.0,20,0,0,0,64692.57142857143,59784.0,0.8660254037844386,0.5000000000000001
2025-02-05,58600,0,0,32.2,19.0,60,0.0,23,0,1,0,65119.57142857143,73599.0,0.8660254037844386,0.5000000000000001
2025-02-06,58908,0,0,31.5,18.0,66,0.0,21,0,0,0,64532.42857142857,58600.0,0.8660254037844386,0.5000000000000001
2025-02-07,62971,0,0,31.7,18.6,63,0.0,18,0,0,0,65612.28571428571,58908.0,0.8660254037844386,0.5000000000000001
2025-02-08,76598,1,0,32.0,18.4,53,0.0,19,0,0,0,67205.57142857143,62971.0,0.8660254037844386,0.5000000000000001
2025-02-09,84536,1,0,30.7,18.9,62,0.0,28,0,0,0,66595.14285714286,76598.0,0.8660254037844386,0.5000000000000001
2025-02-10,70169,0,0,30.5,18.9,74,0.0,27,0,0,0,67856.57142857143,84536.0,0.8660254037844386,0.5000000000000001
2025-02-11,67192,0,0,30.5,17.7,74,0.0,24,0,0,0,69340.14285714286,70169.0,0.8660254037844386,0.5000000000000001
2025-02-12,70270,0,0,32.4,17.6,63,0.0,27,0,0,0,68424.85714285714,67192.0,0.8660254037844386,0.5000000000000001
2025-02-13,60203,0,0,33.4,16.3,54,0.0,30,0,0,0,70092.0,70270.0,0.8660254037844386,0.5000000000000001
2025-02-14,64527,0,0,33.6,17.9,54,0.0,25,0,0,0,70277.0,60203.0,0.8660254037844386,0.5000000000000001
2025-02-15,78873,1,0,33.1,18.9,55,0.0,23,0,0,0,70499.28571428571,64527.0,0.8660254037844386,0.5000000000000001
2025-02-16,79705,1,0,32.6,20.4,65,0.0,27,0,0,0,70824.28571428571,78873.0,0.8660254037844386,0.5000000000000001
2025-02-17,60784,0,0,32.5,20.9,71,0.0,25,0,0,0,70134.14285714286,79705.0,0.8660254037844386,0.5000000000000001
2025-02-18,68427,0,0,33.0,19.7,70,0.0,30,0,0,0,68793.42857142857,60784.0,0.8660254037844386,0.5000000000000001
2025-02-19,72745,0,0,34.1,19.5,65,0.0,24,0,0,0,68969.85714285714,68427.0,0.8660254037844386,0.5000000000000001
2025-02-20,59776,0,0,33.4,19.8,71,0.0,22,0,0,0,69323.42857142857,72745.0,0.8660254037844386,0.5000000000000001
2025-02-21,65327,0,0,32.9,22.3,69,0.0,36,0,0,0,69262.42857142857,59776.0,0.8660254037844386,0.5000000000000001
2025-02-22,78110,1,0,34.0,20.9,69,0.0,29,0,0,0,69376.71428571429,65327.0,0.8660254037844386,0.5000000000000001
2025-02-23,78892,1,0,34.2,20.5,64,0.0,26,0,0,0,69267.71428571429,78110.0,0.8660254037844386,0.5000000000000001
2025-02-24,66764,0,0,32.0,19.9,64,0.0,70,0,0,0,69151.57142857143,78892.0,0.8660254037844386,0.5000000000000001
2025-02-25,65127,0,0,32.0,21.3,68,0.0,26,0,0,0,70005.85714285714,66764.0,0.8660254037844386,0.5000000000000001
2025-02-26,62323,0,0,32.5,20.8,70,0.0,19,1,1,0,69534.42857142857,65127.0,0.8660254037844386,0.5000000000000001
2025-02-27,58627,0,0,32.2,19.3,71,0.0,26,0,0,0,68045.57142857143,62323.0,0.8660254037844386,0.5000000000000001
2025-02-28,52731,0,0,32.0,19.2,71,0.0,20,0,0,0,67881.42857142857,58627.0,0.8660254037844386,0.5000000000000001
2025-03-01,71785,1,0,32.8,21.6,73,0.2,25,0,0,0,66082.0,52731.0,1.0,6.123233995736766e-17
2025-03-02,69592,1,0,34.6,22.9,68,0.0,23,0,0,0,65178.42857142857,71785.0,1.0,6.123233995736766e-17
2025-03-03,65683,0,0,36.2,23.3,61,0.0,22,0,0,0,63849.857142857145,69592.0,1.0,6.123233995736766e-17
2025-03-04,64861,0,0,36.6,21.2,53,0.0,24,0,0,0,63695.42857142857,65683.0,1.0,6.123233995736766e-17
2025-03-05,63285,0,0,37.2,21.6,50,0.0,21,0,0,0,63657.42857142857,64861.0,1.0,6.123233995736766e-17
2025-03-06,58548,0,0,36.2,21.9,40,0.0,26,0,0,0,63794.857142857145,63285.0,1.0,6.123233995736766e-17
2025-03-07,67127,0,0,35.1,19.4,33,0.0,28,0,0,0,63783.57142857143,58548.0,1.0,6.123233995736766e-17
2025-03-08,74646,1,0,36.2,19.6,56,0.0,26,0,0,0,65840.14285714286,67127.0,1.0,6.123233995736766e-17
2025-03-09,79478,1,0,35.0,20.2,61,0.0,19,0,0,0,66248.85714285714,74646.0,1.0,6.123233995736766e-17
2025-03-10,69746,0,0,33.6,21.0,67,0.1,34,0,0,0,67661.14285714286,79478.0,1.0,6.123233995736766e-17
2025-03-11,66393,0,0,32.7,22.2,77,5.0,25,0,0,0,68241.57142857143,69746.0,1.0,6.123233995736766e-17
2025-03-12,68509,0,0,35.7,22.1,72,0.0,23,0,0,0,68460.42857142857,66393.0,1.0,6.123233995736766e-17
2025-03-13,51148,0,0,37.2,21.8,63,0.0,22,0,0,0,69206.71428571429,68509.0,1.0,6.123233995736766e-17
2025-03-14,63987,0,0,37.6,21.6,63,0.0,35,1,0,0,68149.57142857143,51148.0,1.0,6.123233995736766e-17
2025-03-15,82580,1,0,36.9,21.8,60,0.0,30,0,0,0,67701.0,63987.0,1.0,6.123233995736766e-17
2025-03-16,82721,1,0,36.4,21.5,60,0.0,25,0,0,0,68834.42857142857,82580.0,1.0,6.123233995736766e-17
2025-03-17,70824,0,0,38.2,24.0,62,0.0,29,0,0,0,69297.71428571429,82721.0,1.0,6.123233995736766e-17
2025-03-18,72388,0,0,37.3,24.4,63,0.0,30,0,0,0,69451.71428571429,70824.0,1.0,6.123233995736766e-17
2025-03-19,72388,0,0,36.2,24.5,64,0.0,31,0,0,0,70308.14285714286,72388.0,1.0,6.123233995736766e-17
2025-03-20,58872,0,0,37.0,24.7,63,0.0,35,0,0,0,70862.28571428571,72388.0,1.0,6.123233995736766e-17
2025-03-21,64170,0,0,36.4,24.0,66,0.8,27,0,0,0,71965.71428571429,58872.0,1.0,6.123233995736766e-17
2025-03-22,75428,1,0,34.7,24.3,72,9.2,35,0,0,0,71991.85714285714,64170.0,1.0,6.123233995736766e-17
2025-03-23,84198,1,0,33.5,24.9,71,1.3,32,0,0,0,70970.14285714286,75428.0,1.0,6.123233995736766e-17
2025-03-24,58358,0,0,35.0,23.9,69,0.0,64,0,0,0,71181.14285714286,84198.0,1.0,6.123233995736766e-17
2025-03-25,64252,0,0,37.2,23.8,63,0.0,29,0,0,0,69400.28571428571,58358.0,1.0,6.123233995736766e-17
2025-03-26,75354,0,0,37.3,21.8,59,0.0,21,0,0,0,68238.0,64252.0,1.0,6.123233995736766e-17
2025-03-27,64279,0,0,38.6,22.3,55,0.0,25,0,0,0,68661.71428571429,75354.0,1.0,6.123233995736766e-17
2025-03-28,65569,0,0,39.2,23.1,47,0.0,25,0,0,0,69434.14285714286,64279.0,1.0,6.123233995736766e-17
2025-03-29,76005,1,0,39.3,22.9,41,0.0,21,0,0,0,69634.0,65569.0,1.0,6.123233995736766e-17
2025-03-30,62263,1,0,38.3,22.2,38,0.0,23,0,1,0,69716.42857142857,76005.0,1.0,6.123233995736766e-17
2025-03-31,73007,0,0,36.4,23.2,61,0.0,27,1,0,0,66582.85714285714,62263.0,1.0,6.123233995736766e-17
2025-04-01,72981,0,0,35.5,22.8,60,0.1,22,0,0,0,68675.57142857143,73007.0,0.8660254037844387,-0.49999999999999983
2025-04-02,72721,0,0,35.4,23.9,67,0.7,18,0,0,0,69922.57142857143,72981.0,0.8660254037844387,-0.49999999999999983
2025-04-03,58864,0,0,35.7,25.7,69,0.6,19,0,0,0,69546.42857142857,72721.0,0.8660254037844387,-0.49999999999999983
2025-04-04,66327,0,0,35.9,24.3,71,3.0,20,0,0,0,68772.85714285714,58864.0,0.8660254037844387,-0.49999999999999983
2025-04-05,78496,1,0,35.8,23.9,64,0.2,23,0,0,0,68881.14285714286,66327.0,0.8660254037844387,-0.49999999999999983
2025-04-06,72960,1,0,37.4,24.5,60,0.0,26,0,1,0,69237.0,78496.0,0.8660254037844387,-0.49999999999999983
2025-04-07,66503,0,0,39.0,23.8,59,0.0,21,0,0,0,70765.14285714286,72960.0,0.8660254037844387,-0.49999999999999983
2025-04-08,65201,0,0,37.7,24.3,60,0.1,21,0,0,0,69836.0,66503.0,0.8660254037844387,-0.49999999999999983
2025-04-09,62076,0,0,37.5,22.9,59,0.0,25,0,0,0,68724.57142857143,65201.0,0.8660254037844387,-0.49999999999999983
2025-04-10,57462,0,0,40.2,23.8,57,0.0,21,1,0,0,67203.85714285714,62076.0,0.8660254037844387,-0.49999999999999983
2025-04-11,70462,0,0,41.1,25.9,52,5.7,20,0,0,0,67003.57142857143,57462.0,0.8660254037844387,-0.49999999999999983
2025-04-12,72923,1,0,40.9,26.2,45,0.0,21,0,0,0,67594.28571428571,70462.0,0.8660254037844387,-0.49999999999999983
2025-04-13,79100,1,0,39.0,27.2,46,0.0,20,0,0,0,66798.14285714286,72923.0,0.8660254037844387,-0.49999999999999983
2025-04-14,73078,0,0,38.9,25.2,63,6.8,26,0,1,0,67675.28571428571,79100.0,0.8660254037844387,-0.49999999999999983
2025-04-15,73543,0,0,38.5,25.6,59,0.0,22,0,0,0,68614.57142857143,73078.0,0.8660254037844387,-0.49999999999999983
2025-04-16,70372,0,0,38.9,26.1,71,19.3,24,0,0,0,69806.28571428571,73543.0,0.8660254037844387,-0.49999999999999983
2025-04-17,56279,0,0,37.0,25.4,67,0.0,21,0,0,0,70991.42857142857,70372.0,0.8660254037844387,-0.49999999999999983
2025-04-18,58519,0,0,37.8,25.7,63,0.0,33,1,0,0,70822.42857142857,56279.0,0.8660254037844387,-0.49999999999999983
2025-04-19,78821,1,0,38.8,26.2,58,0.0,28,0,0,0,69116.28571428571,58519.0,0.8660254037844387,-0.49999999999999983
2025-04-20,82746,1,0,39.6,26.2,59,0.0,27,0,0,0,69958.85714285714,78821.0,0.8660254037844387,-0.49999999999999983
2025-04-21,72937,0,0,38.6,25.9,61,0.0,32,0,0,0,70479.71428571429,82746.0,0.8660254037844387,-0.49999999999999983
2025-04-22,61828,0,0,38.4,24.7,60,0.0,29,0,0,0,70459.57142857143,72937.0,0.8660254037844387,-0.49999999999999983
2025-04-23,68705,0,0,39.3,24.8,55,0.0,31,0,0,0,68786.0,61828.0,0.8660254037844387,-0.49999999999999983
2025-04-24,58227,0,0,40.0,24.8,58,0.0,67,0,0,0,68547.85714285714,68705.0,0.8660254037844387,-0.49999999999999983
2025-04-25,64536,0,0,39.5,26.4,59,0.2,22,0,0,0,68826.14285714286,58227.0,0.8660254037844387,-0.49999999999999983
2025-04-26,82811,1,0,39.3,26.4,59,0.3,22,0,0,0,69685.71428571429,64536.0,0.8660254037844387,-0.49999999999999983
2025-04-27,78177,1,0,39.4,25.4,60,0.0,23,0,0,0,70255.71428571429,82811.0,0.8660254037844387,-0.49999999999999983
2025-04-28,65904,0,0,38.2,25.2,60,0.1,21,0,0,0,69603.0,78177.0,0.8660254037844387,-0.49999999999999983
2025-04-29,64263,0,0,38.8,25.9,57,0.0,21,0,0,0,68598.28571428571,65904.0,0.8660254037844387,-0.49999999999999983
2025-04-30,66616,0,0,40.2,26.4,55,0.0,24,0,0,0,68946.14285714286,64263.0,0.8660254037844387,-0.49999999999999983
2025-05-01,57863,0,1,39.5,27.1,54,0.0,23,0,0,0,68647.71428571429,66616.0,0.49999999999999994,-0.8660254037844387
2025-05-02,74344,0,1,39.1,27.3,61,0.4,21,0,0,0,68595.71428571429,57863.0,0.49999999999999994,-0.8660254037844387
2025-05-03,84113,1,1,39.1,26.8,57,0.0,22,0,0,0,69996.85714285714,74344.0,0.49999999999999994,-0.8660254037844387
2025-05-04,83380,1,1,40.2,26.5,64,0.7,20,0,0,0,70182.85714285714,84113.0,0.49999999999999994,-0.8660254037844387
2025-05-05,65095,0,1,40.0,25.0,56,0.0,18,0,0,0,70926.14285714286,83380.0,0.49999999999999994,-0.8660254037844387
2025-05-06,69214,0,1,39.8,25.9,58,0.0,16,0,0,0,70810.57142857143,65095.0,0.49999999999999994,-0.8660254037844387
2025-05-07,71001,0,1,38.8,26.6,57,0.1,16,0,0,0,71517.85714285714,69214.0,0.49999999999999994,-0.8660254037844387
2025-05-08,64850,0,1,39.2,25.7,59,1.0,15,0,0,0,72144.28571428571,71001.0,0.49999999999999994,-0.8660254037844387
2025-05-09,68213,0,1,39.3,25.1,52,0.0,14,0,0,0,73142.42857142857,64850.0,0.49999999999999994,-0.8660254037844387
2025-05-10,85078,1,1,38.3,26.1,55,0.3,16,0,0,0,72266.57142857143,68213.0,0.49999999999999994,-0.8660254037844387
2025-05-11,80423,1,1,40.0,27.2,54,0.2,20,0,1,0,72404.42857142857,85078.0,0.49999999999999994,-0.8660254037844387
2025-05-12,68760,0,1,40.2,27.0,46,0.0,21,1,0,0,71982.0,80423.0,0.49999999999999994,-0.8660254037844387
2025-05-13,74477,0,1,41.0,28.1,45,0.0,19,0,0,0,72505.57142857143,68760.0,0.49999999999999994,-0.8660254037844387
2025-05-14,74020,0,1,40.9,27.8,48,0.0,19,0,0,0,73257.42857142857,74477.0,0.49999999999999994,-0.8660254037844387
2025-05-15,63208,0,1,40.6,27.3,54,0.1,25,0,0,0,73688.71428571429,74020.0,0.49999999999999994,-0.8660254037844387
2025-05-16,70970,0,1,40.2,26.2,59,4.1,23,0,0,0,73454.14285714286,63208.0,0.49999999999999994,-0.8660254037844387
2025-05-17,87347,1,1,38.1,25.6,66,2.0,27,0,0,0,73848.0,70970.0,0.49999999999999994,-0.8660254037844387
2025-05-18,84571,1,1,36.8,26.1,66,18.6,23,0,0,0,74172.14285714286,87347.0,0.49999999999999994,-0.8660254037844387
2025-05-19,79003,0,1,31.3,25.4,89,14.9,31,0,0,0,74764.71428571429,84571.0,0.49999999999999994,-0.8660254037844387
2025-05-20,76000,0,1,32.1,25.3,87,23.6,30,0,0,0,76228.0,79003.0,0.49999999999999994,-0.8660254037844387
2025-05-21,80964,0,1,34.6,25.3,76,0.6,29,0,0,0,76445.57142857143,76000.0,0.49999999999999994,-0.8660254037844387
2025-05-22,72579,0,1,36.0,24.7,62,0.0,31,0,0,0,77437.57142857143,80964.0,0.49999999999999994,-0.8660254037844387
2025-05-23,74374,0,1,36.6,25.3,62,0.9,39,0,0,0,78776.28571428571,72579.0,0.49999999999999994,-0.8660254037844387
2025-05-24,90211,1,1,33.6,26.9,63,0.0,66,0,0,0,79262.57142857143,74374.0,0.49999999999999994,-0.8660254037844387
2025-05-25,91538,1,1,36.9,25.8,68,4.8,24,0,0,0,79671.71428571429,90211.0,0.49999999999999994,-0.8660254037844387
2025-05-26,83542,0,1,32.9,26.9,65,1.2,24,0,0,0,80667.0,91538.0,0.49999999999999994,-0.8660254037844387
2025-05-27,82597,0,1,34.8,27.4,57,0.0,23,0,0,0,81315.42857142857,83542.0,0.49999999999999994,-0.8660254037844387
2025-05-28,83621,0,1,35.8,27.6,57,0.3,20,0,0,0,82257.85714285714,82597.0,0.49999999999999994,-0.8660254037844387
2025-05-29,71721,0,1,35.8,28.0,61,3.7,25,0,0,0,82637.42857142857,83621.0,0.49999999999999994,-0.8660254037844387
2025-05-30,71721,0,1,35.1,27.1,65,1.0,24,0,0,0,82514.85714285714,71721.0,0.49999999999999994,-0.8660254037844387
2025-05-31,95080,1,1,38.2,26.7,53,0.0,26,0,0,0,82135.85714285714,71721.0,0.49999999999999994,-0.8660254037844387
2025-06-01,78031,1,1,38.9,26.7,47,0.0,24,0,0,0,82831.42857142857,95080.0,1.2246467991473532e-16,-1.0
2025-06-02,84418,0,1,38.1,26.7,48,1.7,24,0,0,0,80901.85714285714,78031.0,1.2246467991473532e-16,-1.0
2025-06-03,78631,0,1,37.9,27.5,55,4.9,24,0,0,0,81027.0,84418.0,1.2246467991473532e-16,-1.0
2025-06-04,78288,0,1,38.1,26.7,55,0.2,23,0,0,0,80460.42857142857,78631.0,1.2246467991473532e-16,-1.0
2025-06-05,67284,0,1,37.6,26.4,47,0.6,27,0,0,0,79698.57142857143,78288.0,1.2246467991473532e-16,-1.0
2025-06-06,72174,0,1,38.4,26.6,49,0.2,30,0,0,0,79064.71428571429,67284.0,1.2246467991473532e-16,-1.0
2025-06-07,88257,1,1,38.5,27.7,49,0.4,32,1,0,0,79129.42857142857,72174.0,1.2246467991473532e-16,-1.0
2025-06-08,90802,1,1,38.5,27.5,57,8.0,33,0,0,0,78154.71428571429,88257.0,1.2246467991473532e-16,-1.0
2025-06-09,84258,0,1,37.3,26.9,62,2.5,39,0,0,0,79979.14285714286,90802.0,1.2246467991473532e-16,-1.0
2025-06-10,80894,0,1,37.8,26.7,60,7.8,32,0,1,0,79956.28571428571,84258.0,1.2246467991473532e-16,-1.0
2025-06-11,79296,0,1,35.4,25.6,63,10.3,29,0,0,0,80279.57142857143,80894.0,1.2246467991473532e-16,-1.0
2025-06-12,69609,0,1,35.7,25.7,66,0.5,23,0,0,0,80423.57142857143,79296.0,1.2246467991473532e-16,-1.0
2025-06-13,75096,0,1,36.5,25.3,67,1.4,27,0,0,0,80755.71428571429,69609.0,1.2246467991473532e-16,-1.0
2025-06-14,91720,1,1,35.9,25.9,66,1.5,34,0,0,0,81173.14285714286,75096.0,1.2246467991473532e-16,-1.0
2025-06-15,90815,1,1,33.6,26.5,61,2.0,22,0,0,0,81667.85714285714,91720.0,1.2246467991473532e-16,-1.0
2025-06-16,84681,0,1,34.5,26.0,61,0.3,30,0,0,0,81669.71428571429,90815.0,1.2246467991473532e-16,-1.0
2025-06-17,81037,0,1,36.2,26.2,59,0.2,32,0,0,0,81730.14285714286,84681.0,1.2246467991473532e-16,-1.0
2025-06-18,80440,0,1,37.0,27.0,54,0.1,30,0,0,0,81750.57142857143,81037.0,1.2246467991473532e-16,-1.0
2025-06-19,70226,0,1,37.3,27.3,50,0.0,32,0,0,0,81914.0,80440.0,1.2246467991473532e-16,-1.0
2025-06-20,76181,0,1,37.5,26.3,49,0.0,30,0,0,0,82002.14285714286,70226.0,1.2246467991473532e-16,-1.0
2025-06-21,90087,1,1,37.1,25.8,53,0.0,35,0,0,0,82157.14285714286,76181.0,1.2246467991473532e-16,-1.0
2025-06-22,87254,1,1,37.3,27.3,51,0.0,32,0,0,0,81923.85714285714,90087.0,1.2246467991473532e-16,-1.0
2025-06-23,84179,0,1,34.6,27.6,53,0.1,42,0,0,0,81415.14285714286,87254.0,1.2246467991473532e-16,-1.0
2025-06-24,79466,0,1,36.1,27.6,50,0.0,72,0,0,0,81343.42857142857,84179.0,1.2246467991473532e-16,-1.0
2025-06-25,75001,0,1,35.7,26.7,59,0.6,36,0,0,0,81119.0,79466.0,1.2246467991473532e-16,-1.0
2025-06-26,64879,0,1,35.6,26.4,56,0.3,25,0,0,0,80342.0,75001.0,1.2246467991473532e-16,-1.0
2025-06-27,68229,0,1,37.1,27.0,51,0.1,33,0,0,0,79578.14285714286,64879.0,1.2246467991473532e-16,-1.0
2025-06-28,90051,1,1,38.5,27.3,48,0.0,32,0,0,0,78442.14285714286,68229.0,1.2246467991473532e-16,-1.0
2025-06-29,88497,1,1,38.9,28.0,44,0.0,30,0,0,0,78437.0,90051.0,1.2246467991473532e-16,-1.0
2025-06-30,78730,0,1,37.2,28.0,49,0.0,31,0,0,0,78614.57142857143,88497.0,1.2246467991473532e-16,-1.0
2025-07-01,76126,0,1,36.1,27.9,46,0.0,27,0,0,0,77836.14285714286,78730.0,-0.4999999999999998,-0.8660254037844388
2025-07-02,74510,0,1,38.1,28.0,49,0.5,26,0,0,0,77359.0,76126.0,-0.4999999999999998,-0.8660254037844388
2025-07-03,64015,0,1,35.3,28.4,51,0.0,23,0,0,0,77288.85714285714,74510.0,-0.4999999999999998,-0.8660254037844388
2025-07-04,70011,0,1,38.7,27.4,49,0.0,24,0,0,0,77165.42857142857,64015.0,-0.4999999999999998,-0.8660254037844388
2025-07-05,87536,1,1,36.6,27.6,51,1.2,27,0,0,0,77420.0,70011.0,-0.4999999999999998,-0.8660254037844388
2025-07-06,88938,1,1,38.5,27.5,49,1.8,28,1,0,0,77060.71428571429,87536.0,-0.4999999999999998,-0.8660254037844388
